ScoreAfter10Overs,WicketsLost,RunRate,Last5OversRuns,Venue,PitchType,BattingTeam,DewPresent,FinalScore
59,0,5.9,37,Mumbai,Green,MI,0,161
56,4,5.6,47,Chennai,Flat,CSK,0,151
109,4,10.9,21,Kolkata,Green,DC,1,147
102,4,10.2,37,Chennai,Green,DC,1,161
80,1,8.0,33,Bangalore,Flat,CSK,1,185
90,6,9.0,42,Kolkata,Turning,CSK,1,149
60,3,6.0,25,Kolkata,Turning,DC,1,115
69,5,6.9,24,Chennai,Green,RCB,0,128
74,6,7.4,26,Delhi,Turning,KKR,1,105
92,2,9.2,33,Bangalore,Flat,SRH,0,198
76,1,7.6,49,Delhi,Turning,DC,0,174
86,6,8.6,23,Mumbai,Flat,RCB,1,160
53,1,5.3,56,Bangalore,Green,DC,1,166
103,1,10.3,36,Mumbai,Green,DC,1,198
99,4,9.9,45,Bangalore,Green,MI,1,176
51,6,5.1,27,Mumbai,Green,DC,1,101
53,3,5.3,44,Kolkata,Slow,SRH,1,141
46,5,4.6,27,Kolkata,Turning,DC,1,77
82,3,8.2,30,Delhi,Flat,DC,1,178
67,4,6.7,26,Bangalore,Green,MI,1,141
65,4,6.5,53,Chennai,Turning,KKR,0,132
91,6,9.1,39,Mumbai,Flat,MI,0,170
107,6,10.7,24,Kolkata,Green,MI,1,166
66,2,6.6,53,Kolkata,Slow,MI,0,179
84,3,8.4,62,Bangalore,Slow,SRH,1,188
76,1,7.6,24,Bangalore,Flat,SRH,0,177
73,0,7.3,24,Chennai,Green,CSK,0,152
87,0,8.7,52,Mumbai,Turning,DC,1,187
61,5,6.1,56,Kolkata,Slow,MI,1,168
97,1,9.7,26,Chennai,Slow,RCB,1,179
104,6,10.4,23,Chennai,Flat,KKR,1,182
58,1,5.8,32,Mumbai,Slow,MI,1,141
80,3,8.0,35,Chennai,Slow,SRH,0,133
46,0,4.6,35,Mumbai,Slow,KKR,1,138
96,0,9.6,30,Delhi,Flat,KKR,1,227
103,2,10.3,47,Kolkata,Slow,MI,0,195
72,0,7.2,57,Kolkata,Flat,DC,1,205
51,4,5.1,50,Kolkata,Green,CSK,0,143
68,0,6.8,58,Chennai,Green,KKR,0,198
76,4,7.6,58,Chennai,Flat,KKR,1,216
78,1,7.8,62,Bangalore,Green,RCB,1,202
83,3,8.3,40,Chennai,Flat,KKR,0,173
72,4,7.2,36,Mumbai,Turning,CSK,0,128
81,1,8.1,48,Kolkata,Turning,SRH,0,175
83,5,8.3,26,Mumbai,Turning,CSK,0,132
64,2,6.4,38,Kolkata,Green,DC,1,135
78,4,7.8,51,Bangalore,Flat,CSK,1,211
80,0,8.0,20,Bangalore,Green,DC,1,145
101,4,10.1,65,Delhi,Flat,CSK,0,246
64,4,6.4,22,Bangalore,Green,KKR,0,103
84,2,8.4,22,Bangalore,Green,DC,0,151
58,2,5.8,55,Delhi,Green,MI,0,172
67,3,6.7,21,Mumbai,Turning,KKR,0,110
65,6,6.5,64,Chennai,Slow,CSK,1,150
70,6,7.0,49,Bangalore,Turning,MI,0,128
69,3,6.9,41,Bangalore,Flat,RCB,1,199
110,3,11.0,63,Kolkata,Turning,CSK,0,221
78,1,7.8,57,Bangalore,Flat,CSK,1,222
85,3,8.5,58,Kolkata,Flat,KKR,0,207
50,5,5.0,47,Chennai,Green,RCB,1,119
87,4,8.7,40,Chennai,Turning,SRH,1,155
97,2,9.7,45,Bangalore,Green,MI,1,204
93,5,9.3,31,Kolkata,Turning,KKR,0,134
81,1,8.1,47,Kolkata,Turning,KKR,1,177
72,4,7.2,50,Mumbai,Flat,RCB,1,188
75,5,7.5,39,Mumbai,Green,MI,0,129
76,3,7.6,59,Chennai,Slow,KKR,0,186
94,3,9.4,45,Mumbai,Green,DC,0,189
58,6,5.8,47,Mumbai,Green,DC,1,116
76,6,7.6,27,Delhi,Green,KKR,1,138
101,4,10.1,52,Delhi,Slow,MI,1,199
78,6,7.8,35,Bangalore,Slow,DC,0,130
101,0,10.1,65,Bangalore,Green,RCB,1,240
55,1,5.5,29,Mumbai,Slow,DC,0,140
72,0,7.2,46,Delhi,Turning,SRH,1,168
52,1,5.2,46,Delhi,Flat,SRH,1,179
45,2,4.5,39,Delhi,Slow,SRH,0,127
73,2,7.3,47,Delhi,Flat,KKR,1,206
96,5,9.6,30,Delhi,Green,SRH,0,157
95,4,9.5,56,Chennai,Flat,DC,1,203
104,1,10.4,23,Bangalore,Slow,RCB,0,187
86,2,8.6,44,Bangalore,Slow,RCB,0,191
47,5,4.7,54,Chennai,Turning,MI,0,132
50,6,5.0,21,Mumbai,Green,CSK,0,76
61,3,6.1,62,Chennai,Green,KKR,1,177
92,1,9.2,58,Kolkata,Flat,MI,1,228
48,2,4.8,56,Delhi,Slow,DC,0,140
76,0,7.6,64,Bangalore,Flat,SRH,0,228
99,5,9.9,43,Chennai,Turning,CSK,1,172
107,0,10.7,47,Bangalore,Slow,DC,0,215
67,5,6.7,53,Bangalore,Slow,KKR,1,175
79,2,7.9,35,Chennai,Turning,KKR,0,156
104,4,10.4,59,Delhi,Turning,CSK,1,209
86,1,8.6,51,Mumbai,Turning,RCB,1,192
80,4,8.0,20,Kolkata,Green,CSK,0,129
97,3,9.7,55,Mumbai,Slow,DC,1,201
47,0,4.7,38,Mumbai,Slow,DC,0,137
92,3,9.2,55,Kolkata,Turning,KKR,1,183
103,2,10.3,39,Bangalore,Green,CSK,0,182
60,5,6.0,54,Mumbai,Green,MI,1,146
81,0,8.1,32,Bangalore,Green,RCB,0,172
46,5,4.6,54,Mumbai,Turning,CSK,0,126
82,5,8.2,28,Delhi,Flat,CSK,1,163
106,3,10.6,41,Mumbai,Flat,RCB,1,217
53,3,5.3,51,Chennai,Flat,MI,0,183
83,0,8.3,35,Chennai,Slow,SRH,0,177
93,3,9.3,48,Bangalore,Slow,RCB,0,201
57,6,5.7,33,Mumbai,Turning,DC,0,90
75,1,7.5,55,Chennai,Green,CSK,1,181
105,2,10.5,22,Mumbai,Turning,DC,1,170
103,0,10.3,63,Mumbai,Turning,DC,0,219
59,4,5.9,34,Mumbai,Turning,MI,0,108
66,6,6.6,39,Kolkata,Turning,KKR,0,116
83,5,8.3,45,Bangalore,Slow,KKR,0,168
50,3,5.0,40,Kolkata,Turning,CSK,0,110
47,6,4.7,63,Bangalore,Flat,MI,1,179
101,2,10.1,31,Kolkata,Slow,DC,1,164
105,2,10.5,46,Bangalore,Turning,DC,0,204
65,2,6.5,46,Delhi,Turning,DC,1,163
49,3,4.9,25,Bangalore,Turning,RCB,0,122
96,6,9.6,52,Chennai,Slow,KKR,0,163
91,4,9.1,51,Delhi,Flat,MI,1,215
61,2,6.1,48,Delhi,Flat,CSK,0,188
65,2,6.5,55,Chennai,Slow,CSK,0,177
59,3,5.9,27,Mumbai,Slow,DC,1,129
79,3,7.9,50,Delhi,Green,KKR,0,166
69,4,6.9,52,Mumbai,Flat,RCB,1,195
109,2,10.9,20,Bangalore,Turning,SRH,1,178
64,3,6.4,54,Delhi,Turning,RCB,1,165
86,6,8.6,32,Mumbai,Slow,MI,1,135
85,5,8.5,50,Delhi,Slow,DC,0,164
49,1,4.9,52,Kolkata,Turning,CSK,1,137
103,0,10.3,29,Delhi,Green,CSK,1,196
78,2,7.8,59,Delhi,Flat,RCB,1,243
85,5,8.5,65,Delhi,Flat,SRH,0,200
81,1,8.1,25,Delhi,Flat,DC,0,176
66,5,6.6,39,Chennai,Flat,RCB,0,157
90,2,9.0,47,Mumbai,Green,SRH,1,188
68,1,6.8,31,Chennai,Slow,SRH,0,142
63,1,6.3,49,Bangalore,Slow,RCB,0,194
104,2,10.4,63,Kolkata,Green,CSK,1,233
89,4,8.9,39,Delhi,Turning,KKR,1,150
94,6,9.4,50,Chennai,Green,KKR,1,170
82,5,8.2,38,Chennai,Slow,RCB,0,156
51,4,5.1,51,Bangalore,Green,SRH,1,133
69,4,6.9,36,Mumbai,Flat,DC,0,157
101,0,10.1,57,Bangalore,Green,CSK,1,220
98,1,9.8,32,Mumbai,Turning,SRH,1,185
66,2,6.6,50,Bangalore,Turning,CSK,1,179
54,1,5.4,34,Delhi,Turning,CSK,1,117
78,4,7.8,27,Delhi,Turning,DC,1,131
93,6,9.3,60,Bangalore,Flat,DC,0,209
48,4,4.8,55,Bangalore,Green,DC,0,144
104,5,10.4,39,Delhi,Flat,MI,0,215
49,2,4.9,51,Chennai,Flat,MI,0,172
103,2,10.3,62,Kolkata,Slow,SRH,0,226
98,5,9.8,26,Delhi,Slow,RCB,0,164
92,1,9.2,48,Delhi,Green,RCB,0,204
92,4,9.2,61,Bangalore,Flat,KKR,1,221
60,6,6.0,49,Chennai,Green,DC,0,109
87,1,8.7,28,Kolkata,Green,CSK,0,159
72,6,7.2,34,Bangalore,Green,SRH,0,116
63,1,6.3,54,Bangalore,Green,CSK,0,161
46,2,4.6,35,Kolkata,Turning,CSK,0,106
51,1,5.1,46,Kolkata,Flat,DC,0,173
102,6,10.2,43,Kolkata,Flat,KKR,0,209
50,5,5.0,62,Kolkata,Turning,KKR,0,123
106,6,10.6,45,Delhi,Flat,KKR,1,194
55,2,5.5,58,Mumbai,Flat,MI,1,205
86,3,8.6,58,Kolkata,Turning,KKR,1,173
59,6,5.9,61,Kolkata,Green,KKR,1,162
74,3,7.4,41,Delhi,Slow,KKR,0,152
99,2,9.9,62,Bangalore,Turning,MI,1,205
56,6,5.6,25,Chennai,Slow,CSK,1,109
61,4,6.1,23,Kolkata,Turning,DC,0,98
90,6,9.0,62,Delhi,Flat,RCB,1,216
58,4,5.8,52,Mumbai,Green,DC,1,140
58,2,5.8,55,Bangalore,Flat,RCB,0,212
99,6,9.9,55,Kolkata,Flat,SRH,1,191
68,2,6.8,64,Bangalore,Turning,RCB,0,179
63,4,6.3,62,Delhi,Flat,MI,0,182
72,3,7.2,46,Delhi,Turning,MI,1,153
86,6,8.6,56,Kolkata,Flat,CSK,0,182
51,5,5.1,25,Bangalore,Slow,DC,1,108
101,3,10.1,37,Mumbai,Flat,RCB,1,207
81,5,8.1,63,Kolkata,Slow,SRH,1,166
73,3,7.3,58,Chennai,Flat,MI,1,222
72,6,7.2,28,Bangalore,Turning,RCB,0,107
108,5,10.8,47,Mumbai,Green,KKR,0,186
90,0,9.0,45,Chennai,Slow,CSK,1,209
54,6,5.4,40,Kolkata,Slow,SRH,1,124
98,2,9.8,27,Delhi,Flat,RCB,0,211
103,6,10.3,64,Bangalore,Flat,KKR,0,220
100,4,10.0,45,Kolkata,Flat,KKR,1,219
88,1,8.8,41,Mumbai,Flat,SRH,0,207
110,1,11.0,42,Bangalore,Green,MI,0,198
77,1,7.7,31,Kolkata,Green,DC,0,139
108,3,10.8,56,Kolkata,Slow,DC,1,223
85,1,8.5,48,Chennai,Slow,KKR,1,201
80,4,8.0,23,Bangalore,Flat,RCB,1,175
49,0,4.9,43,Bangalore,Flat,DC,0,183
109,3,10.9,49,Kolkata,Flat,KKR,0,221
105,4,10.5,29,Chennai,Slow,CSK,1,172
55,4,5.5,61,Mumbai,Flat,MI,1,192
65,2,6.5,43,Bangalore,Slow,KKR,1,173
51,6,5.1,60,Bangalore,Flat,RCB,0,180
94,2,9.4,36,Kolkata,Green,RCB,0,181
63,2,6.3,39,Delhi,Green,SRH,0,134
93,5,9.3,41,Mumbai,Flat,DC,1,194
91,0,9.1,43,Bangalore,Green,MI,1,217
107,1,10.7,34,Mumbai,Green,CSK,1,205
57,4,5.7,54,Kolkata,Flat,DC,1,189
61,4,6.1,44,Mumbai,Green,MI,0,150
101,0,10.1,46,Bangalore,Green,KKR,1,223
102,1,10.2,54,Mumbai,Turning,KKR,0,203
101,3,10.1,38,Delhi,Slow,MI,0,192
62,6,6.2,36,Chennai,Slow,RCB,0,131
60,2,6.0,25,Mumbai,Turning,KKR,0,132
100,0,10.0,34,Delhi,Turning,CSK,1,170
95,4,9.5,43,Mumbai,Slow,CSK,1,171
48,2,4.8,26,Bangalore,Green,MI,0,114
105,5,10.5,28,Delhi,Slow,SRH,0,167
55,0,5.5,36,Mumbai,Green,SRH,1,135
81,1,8.1,39,Chennai,Flat,MI,1,207
103,0,10.3,27,Delhi,Flat,DC,0,214
63,2,6.3,47,Chennai,Turning,MI,1,143
55,4,5.5,43,Chennai,Flat,KKR,1,147
94,2,9.4,36,Chennai,Turning,CSK,1,157
58,6,5.8,57,Bangalore,Green,CSK,1,148
88,6,8.8,61,Mumbai,Slow,DC,1,188
68,6,6.8,28,Chennai,Slow,CSK,1,106
50,6,5.0,32,Chennai,Turning,RCB,1,113
105,2,10.5,22,Mumbai,Turning,RCB,0,181
87,2,8.7,27,Bangalore,Slow,KKR,1,181
94,2,9.4,31,Delhi,Slow,RCB,1,192
55,5,5.5,47,Chennai,Slow,SRH,0,127
82,2,8.2,26,Chennai,Turning,DC,1,133
102,4,10.2,65,Delhi,Green,DC,1,202
102,0,10.2,42,Kolkata,Slow,RCB,0,197
96,2,9.6,52,Mumbai,Flat,MI,1,220
61,0,6.1,35,Bangalore,Turning,KKR,0,154
64,5,6.4,48,Bangalore,Turning,KKR,0,142
62,4,6.2,43,Delhi,Turning,DC,1,125
59,0,5.9,31,Delhi,Slow,SRH,0,135
78,5,7.8,48,Mumbai,Turning,DC,1,143
60,1,6.0,24,Delhi,Green,DC,1,116
85,5,8.5,42,Chennai,Turning,RCB,0,158
67,6,6.7,43,Kolkata,Green,CSK,0,136
62,1,6.2,51,Chennai,Turning,SRH,1,156
61,4,6.1,25,Chennai,Turning,KKR,1,110
97,6,9.7,46,Kolkata,Flat,MI,1,205
54,3,5.4,49,Kolkata,Turning,MI,0,147
61,3,6.1,52,Chennai,Flat,SRH,0,169
66,1,6.6,40,Mumbai,Turning,SRH,1,164
55,2,5.5,32,Kolkata,Turning,MI,1,132
56,4,5.6,61,Mumbai,Green,MI,1,175
50,6,5.0,21,Chennai,Flat,DC,1,117
71,6,7.1,56,Delhi,Flat,KKR,1,191
83,3,8.3,35,Delhi,Turning,KKR,0,156
52,1,5.2,48,Delhi,Slow,KKR,0,151
63,2,6.3,65,Bangalore,Turning,KKR,0,188
92,4,9.2,55,Chennai,Turning,MI,1,169
79,3,7.9,35,Mumbai,Flat,CSK,1,199
94,6,9.4,59,Delhi,Green,MI,1,199
85,1,8.5,30,Delhi,Slow,KKR,1,171
47,0,4.7,45,Kolkata,Slow,MI,0,157
90,0,9.0,23,Bangalore,Slow,SRH,1,167
46,6,4.6,26,Delhi,Green,RCB,1,108
96,2,9.6,22,Delhi,Flat,SRH,0,177
81,0,8.1,44,Kolkata,Slow,SRH,1,196
60,1,6.0,26,Delhi,Turning,RCB,1,147
63,1,6.3,58,Kolkata,Slow,SRH,0,160
49,1,4.9,65,Bangalore,Slow,SRH,1,170
110,1,11.0,40,Kolkata,Turning,MI,1,204
83,4,8.3,41,Kolkata,Slow,DC,1,160
47,2,4.7,41,Chennai,Slow,SRH,1,143
48,4,4.8,50,Bangalore,Green,DC,0,136
106,1,10.6,53,Kolkata,Slow,MI,0,204
59,1,5.9,21,Delhi,Turning,KKR,0,116
71,3,7.1,52,Kolkata,Slow,DC,0,170
62,4,6.2,33,Kolkata,Turning,DC,1,120
93,2,9.3,31,Delhi,Turning,SRH,1,165
78,4,7.8,50,Mumbai,Green,RCB,1,168
83,6,8.3,38,Mumbai,Slow,RCB,1,155
80,2,8.0,27,Kolkata,Slow,KKR,1,170
63,2,6.3,22,Bangalore,Flat,RCB,1,175
77,5,7.7,50,Mumbai,Green,SRH,1,172
79,1,7.9,26,Kolkata,Green,MI,0,157
73,5,7.3,34,Chennai,Flat,KKR,1,168
105,0,10.5,63,Mumbai,Flat,SRH,0,255
105,3,10.5,61,Mumbai,Turning,RCB,1,224
52,6,5.2,25,Kolkata,Green,SRH,0,99
67,3,6.7,31,Chennai,Slow,KKR,0,148
82,0,8.2,20,Bangalore,Flat,RCB,1,197
108,1,10.8,52,Delhi,Turning,MI,0,205
65,5,6.5,49,Bangalore,Green,CSK,1,159
82,4,8.2,63,Mumbai,Green,SRH,1,196
99,4,9.9,40,Chennai,Slow,DC,0,157
62,3,6.2,40,Mumbai,Flat,RCB,1,176
102,6,10.2,37,Bangalore,Turning,SRH,0,145
91,5,9.1,35,Chennai,Flat,KKR,1,171
96,5,9.6,52,Bangalore,Flat,DC,1,209
73,1,7.3,28,Delhi,Green,KKR,1,149
105,6,10.5,54,Mumbai,Green,DC,0,182
102,4,10.2,65,Bangalore,Flat,SRH,0,222
109,1,10.9,56,Kolkata,Green,MI,1,237
101,0,10.1,63,Mumbai,Slow,CSK,1,245
52,3,5.2,28,Kolkata,Slow,KKR,0,119
104,5,10.4,39,Chennai,Slow,RCB,0,184
72,4,7.2,24,Chennai,Slow,RCB,0,132
52,0,5.2,50,Chennai,Turning,KKR,0,160
62,6,6.2,61,Delhi,Turning,KKR,1,160
93,3,9.3,25,Kolkata,Green,DC,1,138
67,4,6.7,45,Kolkata,Green,DC,0,150
45,6,4.5,21,Bangalore,Slow,DC,1,92
93,6,9.3,34,Mumbai,Slow,RCB,0,152
69,5,6.9,27,Chennai,Slow,SRH,0,105
71,0,7.1,26,Kolkata,Flat,KKR,0,169
50,3,5.0,48,Mumbai,Green,CSK,0,138
82,1,8.2,56,Bangalore,Turning,MI,1,212
63,5,6.3,53,Mumbai,Slow,RCB,1,150
67,5,6.7,63,Delhi,Slow,CSK,1,184
93,6,9.3,53,Bangalore,Slow,KKR,0,173
93,1,9.3,54,Delhi,Green,MI,1,219
63,6,6.3,49,Chennai,Slow,KKR,0,132
76,2,7.6,33,Bangalore,Flat,KKR,1,177
69,0,6.9,37,Delhi,Flat,CSK,0,197
72,3,7.2,33,Bangalore,Turning,CSK,0,151
69,5,6.9,27,Delhi,Green,DC,0,110
75,4,7.5,40,Bangalore,Slow,KKR,1,155
78,2,7.8,52,Delhi,Slow,CSK,1,193
85,1,8.5,43,Bangalore,Slow,CSK,0,193
63,0,6.3,36,Kolkata,Slow,RCB,0,155
87,1,8.7,44,Kolkata,Green,KKR,1,178
107,5,10.7,61,Delhi,Slow,MI,1,201
62,5,6.2,54,Delhi,Green,SRH,0,141
49,6,4.9,24,Chennai,Flat,KKR,0,124
74,0,7.4,65,Mumbai,Flat,MI,1,237
52,4,5.2,60,Kolkata,Slow,DC,1,139
45,4,4.5,55,Delhi,Flat,CSK,1,170
81,0,8.1,52,Delhi,Green,CSK,0,190
64,1,6.4,32,Kolkata,Turning,RCB,1,158
95,0,9.5,43,Delhi,Slow,SRH,0,201
73,2,7.3,63,Chennai,Flat,CSK,1,211
93,4,9.3,50,Chennai,Flat,DC,0,186
108,6,10.8,47,Bangalore,Flat,SRH,0,198
72,6,7.2,64,Kolkata,Slow,RCB,0,187
54,5,5.4,37,Kolkata,Flat,MI,1,136
71,4,7.1,29,Delhi,Flat,RCB,0,168
75,4,7.5,44,Kolkata,Turning,KKR,0,155
55,4,5.5,42,Chennai,Flat,KKR,0,166
54,2,5.4,58,Kolkata,Slow,RCB,0,176
79,6,7.9,48,Delhi,Green,RCB,1,158
68,5,6.8,57,Delhi,Flat,SRH,1,195
76,5,7.6,24,Chennai,Turning,MI,1,125
64,5,6.4,44,Bangalore,Turning,CSK,0,116
84,3,8.4,43,Bangalore,Flat,MI,0,192
100,3,10.0,55,Kolkata,Slow,CSK,0,184
90,4,9.0,25,Kolkata,Turning,KKR,0,129
97,3,9.7,25,Kolkata,Green,SRH,0,154
93,1,9.3,28,Bangalore,Turning,RCB,1,167
53,1,5.3,47,Bangalore,Slow,RCB,1,183
54,2,5.4,36,Mumbai,Slow,SRH,0,133
58,1,5.8,39,Chennai,Slow,RCB,1,169
87,3,8.7,41,Delhi,Green,RCB,1,181
70,3,7.0,40,Mumbai,Slow,RCB,1,174
107,4,10.7,35,Bangalore,Slow,RCB,1,190
59,4,5.9,32,Kolkata,Green,DC,0,129
104,5,10.4,33,Delhi,Turning,DC,0,162
97,5,9.7,51,Mumbai,Turning,MI,1,187
64,5,6.4,47,Delhi,Flat,KKR,1,176
96,4,9.6,52,Delhi,Flat,RCB,0,208
76,5,7.6,62,Bangalore,Green,DC,0,174
96,6,9.6,41,Delhi,Flat,CSK,0,176
73,4,7.3,53,Kolkata,Green,KKR,1,162
104,6,10.4,63,Kolkata,Green,RCB,0,199
58,2,5.8,46,Chennai,Flat,DC,0,167
84,2,8.4,49,Mumbai,Slow,RCB,1,186
101,5,10.1,64,Delhi,Turning,CSK,1,180
59,0,5.9,41,Chennai,Green,DC,0,149
67,4,6.7,30,Bangalore,Slow,KKR,0,145
96,5,9.6,31,Mumbai,Slow,KKR,0,165
70,3,7.0,57,Delhi,Slow,CSK,0,162
80,6,8.0,65,Chennai,Flat,SRH,0,189
86,1,8.6,49,Chennai,Turning,DC,1,180
85,4,8.5,44,Kolkata,Slow,SRH,0,156
90,6,9.0,49,Kolkata,Green,DC,1,174
55,5,5.5,28,Bangalore,Flat,MI,1,134
68,2,6.8,64,Mumbai,Slow,KKR,0,193
94,3,9.4,31,Delhi,Green,SRH,0,154
81,1,8.1,31,Bangalore,Slow,SRH,0,175
90,0,9.0,51,Mumbai,Green,KKR,1,205
107,3,10.7,65,Delhi,Slow,MI,0,226
48,6,4.8,34,Bangalore,Flat,RCB,0,143
81,1,8.1,49,Kolkata,Slow,SRH,0,183
59,2,5.9,54,Bangalore,Flat,DC,1,198
72,3,7.2,26,Mumbai,Turning,CSK,1,123
89,6,8.9,25,Delhi,Flat,MI,0,170
89,6,8.9,65,Kolkata,Slow,MI,0,196
71,6,7.1,33,Chennai,Turning,SRH,1,116
66,2,6.6,65,Bangalore,Turning,SRH,1,196
110,5,11.0,26,Mumbai,Slow,CSK,1,178
61,5,6.1,28,Mumbai,Green,DC,1,125
76,6,7.6,63,Delhi,Slow,MI,1,182
98,3,9.8,48,Chennai,Flat,KKR,1,224
92,3,9.2,51,Bangalore,Flat,DC,0,222
103,5,10.3,62,Bangalore,Flat,SRH,1,223
99,6,9.9,33,Delhi,Turning,RCB,1,151
61,4,6.1,51,Bangalore,Flat,CSK,0,183
103,0,10.3,27,Mumbai,Slow,KKR,0,204
99,1,9.9,64,Mumbai,Turning,MI,1,211
91,2,9.1,25,Bangalore,Green,CSK,1,166
84,5,8.4,64,Mumbai,Slow,DC,0,191
57,0,5.7,33,Delhi,Flat,MI,0,176
101,0,10.1,20,Bangalore,Flat,KKR,0,205
54,1,5.4,44,Chennai,Flat,CSK,1,172
83,1,8.3,44,Mumbai,Green,CSK,0,181
66,3,6.6,42,Mumbai,Green,KKR,1,165
72,0,7.2,26,Mumbai,Flat,SRH,1,177
99,2,9.9,28,Mumbai,Turning,DC,0,152
81,6,8.1,64,Chennai,Turning,MI,0,172
95,2,9.5,61,Chennai,Green,KKR,1,195
75,3,7.5,60,Kolkata,Flat,SRH,0,198
85,1,8.5,44,Kolkata,Slow,RCB,0,199
105,6,10.5,24,Chennai,Flat,CSK,1,162
50,0,5.0,45,Kolkata,Turning,DC,1,144
96,0,9.6,60,Kolkata,Green,RCB,0,217
55,4,5.5,33,Mumbai,Turning,KKR,0,108
100,5,10.0,35,Chennai,Green,CSK,1,145
103,4,10.3,58,Chennai,Turning,DC,0,173
46,5,4.6,28,Chennai,Green,KKR,1,98
78,1,7.8,43,Mumbai,Turning,DC,0,173
48,2,4.8,47,Bangalore,Flat,RCB,0,182
103,4,10.3,43,Chennai,Slow,SRH,0,170
65,2,6.5,26,Kolkata,Flat,MI,0,147
46,1,4.6,22,Delhi,Turning,KKR,0,97
49,4,4.9,65,Delhi,Green,RCB,0,158
85,2,8.5,24,Kolkata,Turning,CSK,0,128
73,6,7.3,53,Chennai,Slow,CSK,1,164
81,6,8.1,39,Bangalore,Flat,SRH,1,159
92,1,9.2,38,Kolkata,Turning,DC,0,167
92,4,9.2,51,Mumbai,Green,MI,0,196
97,0,9.7,34,Kolkata,Turning,DC,0,189
87,0,8.7,62,Delhi,Turning,CSK,0,204
75,3,7.5,51,Chennai,Green,DC,1,151
50,1,5.0,53,Delhi,Turning,KKR,0,154
57,4,5.7,28,Delhi,Flat,SRH,0,135
61,1,6.1,38,Bangalore,Turning,KKR,1,147
102,2,10.2,34,Chennai,Green,MI,0,164
58,1,5.8,48,Delhi,Turning,KKR,0,154
90,6,9.0,33,Delhi,Turning,KKR,1,152
60,0,6.0,30,Bangalore,Flat,MI,1,173
56,5,5.6,35,Bangalore,Slow,SRH,0,126
83,2,8.3,31,Chennai,Slow,KKR,0,144
104,0,10.4,28,Chennai,Flat,CSK,0,196
70,6,7.0,45,Bangalore,Flat,SRH,1,184
54,0,5.4,24,Mumbai,Slow,MI,0,151
87,0,8.7,22,Delhi,Flat,MI,1,207
95,3,9.5,21,Delhi,Slow,MI,1,150
68,2,6.8,37,Delhi,Green,CSK,0,149
82,3,8.2,46,Kolkata,Slow,CSK,0,161
94,1,9.4,46,Mumbai,Green,DC,0,186
90,3,9.0,54,Delhi,Turning,SRH,1,177
79,1,7.9,21,Bangalore,Green,CSK,1,136
105,4,10.5,42,Kolkata,Green,MI,0,171
75,2,7.5,54,Chennai,Green,SRH,1,168
67,1,6.7,35,Kolkata,Turning,DC,1,158
48,5,4.8,64,Bangalore,Green,SRH,0,155
108,4,10.8,39,Mumbai,Slow,CSK,0,168
74,4,7.4,34,Chennai,Slow,CSK,1,154
70,6,7.0,28,Bangalore,Green,RCB,0,110
63,4,6.3,65,Mumbai,Flat,SRH,1,214
54,2,5.4,65,Delhi,Flat,RCB,1,206
62,1,6.2,47,Delhi,Turning,MI,1,154
67,3,6.7,39,Bangalore,Green,MI,0,165
95,6,9.5,56,Chennai,Green,SRH,1,185
73,5,7.3,56,Chennai,Slow,MI,1,175
54,1,5.4,42,Bangalore,Green,DC,0,158
87,3,8.7,20,Bangalore,Green,MI,0,141
77,6,7.7,26,Chennai,Flat,KKR,1,157
98,1,9.8,46,Delhi,Slow,RCB,1,200
106,6,10.6,56,Mumbai,Green,KKR,0,198
49,2,4.9,21,Bangalore,Turning,CSK,0,99
66,3,6.6,30,Chennai,Flat,RCB,1,175
48,3,4.8,61,Mumbai,Slow,MI,0,150
87,1,8.7,32,Delhi,Turning,DC,1,156
75,0,7.5,23,Delhi,Slow,MI,0,151
45,3,4.5,25,Bangalore,Slow,MI,0,100
71,1,7.1,60,Bangalore,Flat,KKR,0,215
95,3,9.5,51,Bangalore,Flat,DC,1,212
92,3,9.2,43,Mumbai,Slow,CSK,1,181
104,2,10.4,34,Bangalore,Flat,MI,0,203
89,6,8.9,54,Delhi,Green,SRH,0,172
94,6,9.4,53,Delhi,Slow,SRH,0,170
83,0,8.3,45,Chennai,Green,CSK,1,173
66,1,6.6,32,Mumbai,Flat,KKR,0,183
100,1,10.0,60,Mumbai,Turning,RCB,0,206
94,4,9.4,45,Kolkata,Turning,RCB,1,191
46,6,4.6,64,Kolkata,Slow,CSK,1,131
63,4,6.3,57,Kolkata,Flat,CSK,0,192
81,6,8.1,54,Bangalore,Slow,RCB,1,185
107,4,10.7,58,Delhi,Flat,MI,1,235
63,4,6.3,58,Delhi,Flat,KKR,1,199
75,0,7.5,50,Bangalore,Turning,CSK,1,196
83,2,8.3,37,Delhi,Flat,MI,0,188
101,6,10.1,40,Bangalore,Slow,SRH,0,156
101,1,10.1,46,Delhi,Turning,CSK,0,177
84,5,8.4,52,Delhi,Green,SRH,0,150
69,6,6.9,32,Chennai,Green,CSK,1,102
91,5,9.1,32,Bangalore,Turning,KKR,1,156
60,5,6.0,21,Mumbai,Turning,KKR,1,93
105,4,10.5,55,Bangalore,Turning,MI,1,210
56,2,5.6,21,Delhi,Flat,MI,0,158
73,5,7.3,34,Mumbai,Turning,DC,1,130
47,6,4.7,63,Chennai,Slow,MI,0,143
46,1,4.6,36,Kolkata,Turning,DC,1,123
93,6,9.3,42,Delhi,Turning,MI,1,151
95,4,9.5,26,Chennai,Turning,SRH,1,133
58,3,5.8,24,Bangalore,Turning,DC,1,127
80,2,8.0,61,Bangalore,Green,MI,0,210
52,6,5.2,58,Delhi,Turning,DC,0,133
48,5,4.8,51,Bangalore,Turning,KKR,1,129
49,4,4.9,65,Kolkata,Green,RCB,0,164
105,5,10.5,42,Kolkata,Turning,MI,0,162
57,3,5.7,28,Bangalore,Green,DC,1,129
56,1,5.6,42,Mumbai,Turning,KKR,1,146
78,4,7.8,38,Delhi,Flat,KKR,0,188
54,3,5.4,32,Kolkata,Flat,DC,1,151
83,3,8.3,23,Mumbai,Green,MI,1,145
103,1,10.3,40,Mumbai,Flat,KKR,1,234
67,2,6.7,60,Chennai,Flat,KKR,1,198
66,4,6.6,30,Delhi,Flat,MI,1,166
99,3,9.9,47,Delhi,Slow,CSK,0,189
70,5,7.0,43,Chennai,Turning,SRH,0,110
45,5,4.5,35,Mumbai,Turning,RCB,0,96
94,4,9.4,57,Bangalore,Green,CSK,0,183
82,3,8.2,53,Kolkata,Turning,KKR,0,165
107,2,10.7,32,Mumbai,Slow,CSK,0,176
61,1,6.1,21,Kolkata,Green,CSK,1,133
49,3,4.9,60,Bangalore,Flat,SRH,0,188
58,5,5.8,21,Chennai,Flat,KKR,1,127
60,4,6.0,36,Delhi,Green,MI,0,122
98,5,9.8,26,Kolkata,Turning,SRH,0,132
58,4,5.8,59,Chennai,Turning,CSK,0,142
70,4,7.0,32,Bangalore,Green,RCB,1,142
65,0,6.5,55,Delhi,Green,DC,1,176
75,0,7.5,20,Chennai,Flat,SRH,1,159
56,6,5.6,52,Chennai,Flat,RCB,0,163
82,2,8.2,49,Chennai,Flat,MI,0,217
82,2,8.2,63,Bangalore,Slow,DC,0,189
50,0,5.0,28,Mumbai,Turning,RCB,1,154
79,5,7.9,25,Bangalore,Turning,MI,0,124
96,3,9.6,37,Delhi,Slow,KKR,0,162
61,5,6.1,23,Mumbai,Flat,KKR,1,151
101,1,10.1,59,Delhi,Turning,SRH,0,217
61,3,6.1,51,Chennai,Slow,KKR,0,141
78,5,7.8,40,Chennai,Green,DC,1,141
57,3,5.7,62,Mumbai,Slow,RCB,1,171
51,0,5.1,61,Mumbai,Slow,KKR,0,168
107,2,10.7,35,Bangalore,Turning,CSK,0,182
93,3,9.3,35,Chennai,Slow,KKR,1,157
108,3,10.8,40,Chennai,Slow,DC,0,170
96,3,9.6,22,Kolkata,Flat,CSK,1,193
110,4,11.0,33,Delhi,Turning,RCB,0,185
73,6,7.3,49,Bangalore,Slow,DC,1,162
102,0,10.2,26,Mumbai,Flat,RCB,1,234
82,4,8.2,53,Bangalore,Flat,CSK,0,202
62,6,6.2,65,Delhi,Flat,RCB,0,182
60,6,6.0,45,Mumbai,Slow,MI,1,128
98,0,9.8,60,Kolkata,Flat,KKR,1,259
109,1,10.9,51,Chennai,Flat,SRH,1,250
106,4,10.6,31,Kolkata,Green,DC,0,148
94,5,9.4,58,Kolkata,Turning,SRH,1,174
76,2,7.6,45,Bangalore,Turning,KKR,0,154
97,4,9.7,64,Kolkata,Turning,DC,1,201
72,1,7.2,33,Kolkata,Turning,DC,1,161
61,5,6.1,61,Mumbai,Turning,DC,0,156
90,4,9.0,50,Kolkata,Slow,DC,1,192
99,6,9.9,20,Kolkata,Flat,CSK,1,152
51,5,5.1,23,Mumbai,Turning,MI,1,104
77,1,7.7,23,Bangalore,Green,SRH,0,140
102,0,10.2,59,Kolkata,Green,DC,1,213
110,6,11.0,64,Bangalore,Flat,KKR,1,238
85,4,8.5,23,Chennai,Turning,MI,1,143
73,5,7.3,65,Bangalore,Green,DC,0,166
102,1,10.2,63,Chennai,Green,MI,0,216
50,3,5.0,37,Kolkata,Turning,MI,0,122
77,0,7.7,41,Delhi,Green,CSK,0,184
86,4,8.6,23,Kolkata,Turning,KKR,1,121
85,4,8.5,34,Mumbai,Flat,SRH,0,174
96,0,9.6,42,Mumbai,Green,DC,1,192
91,2,9.1,33,Kolkata,Slow,SRH,0,152
89,3,8.9,35,Kolkata,Green,CSK,1,157
59,3,5.9,36,Kolkata,Turning,CSK,1,128
110,3,11.0,51,Chennai,Turning,DC,0,184
110,0,11.0,26,Mumbai,Flat,DC,0,206
72,6,7.2,63,Delhi,Flat,MI,1,203
54,5,5.4,63,Mumbai,Flat,KKR,1,172
56,0,5.6,23,Mumbai,Turning,SRH,0,124
74,2,7.4,46,Delhi,Slow,DC,1,169
85,0,8.5,44,Chennai,Flat,DC,0,216
50,5,5.0,24,Bangalore,Flat,RCB,1,145
56,2,5.6,48,Delhi,Slow,DC,0,150
65,4,6.5,34,Mumbai,Slow,SRH,1,151
63,2,6.3,63,Bangalore,Flat,SRH,0,194
50,0,5.0,56,Kolkata,Slow,SRH,0,159
71,5,7.1,42,Mumbai,Slow,DC,0,132
68,1,6.8,59,Bangalore,Green,CSK,0,190
51,6,5.1,55,Delhi,Flat,RCB,0,160
57,1,5.7,57,Delhi,Turning,RCB,0,176
75,0,7.5,38,Kolkata,Flat,MI,1,203
102,2,10.2,59,Bangalore,Green,SRH,1,225
85,3,8.5,30,Chennai,Turning,MI,0,149
100,2,10.0,43,Mumbai,Turning,KKR,1,188
90,6,9.0,39,Delhi,Flat,MI,0,191
80,6,8.0,28,Kolkata,Green,RCB,0,137
54,0,5.4,52,Chennai,Slow,SRH,0,175
49,4,4.9,36,Kolkata,Slow,DC,0,111
95,1,9.5,57,Bangalore,Green,KKR,0,208
91,4,9.1,20,Mumbai,Green,SRH,0,132
65,1,6.5,56,Kolkata,Green,DC,1,190
90,0,9.0,34,Delhi,Green,CSK,1,175
74,0,7.4,62,Mumbai,Turning,KKR,1,214
103,0,10.3,22,Bangalore,Flat,DC,1,222
78,4,7.8,54,Kolkata,Green,KKR,1,167
54,4,5.4,36,Delhi,Green,SRH,1,116
89,3,8.9,50,Kolkata,Flat,SRH,0,202
66,1,6.6,24,Kolkata,Turning,MI,0,120
65,2,6.5,58,Chennai,Green,KKR,1,181
59,3,5.9,63,Delhi,Slow,MI,0,178
97,0,9.7,35,Chennai,Green,SRH,0,166
110,0,11.0,56,Mumbai,Flat,MI,1,279
68,4,6.8,45,Kolkata,Flat,DC,1,190
55,1,5.5,48,Kolkata,Slow,KKR,0,150
97,4,9.7,29,Kolkata,Green,SRH,1,142
88,3,8.8,58,Kolkata,Flat,MI,1,221
61,0,6.1,21,Mumbai,Slow,MI,0,131
105,4,10.5,58,Chennai,Flat,CSK,1,234
61,4,6.1,54,Chennai,Slow,SRH,1,147
50,5,5.0,53,Delhi,Green,KKR,1,133
57,3,5.7,28,Bangalore,Slow,MI,0,124
97,2,9.7,32,Chennai,Flat,SRH,0,192
45,3,4.5,61,Mumbai,Turning,KKR,1,140
64,3,6.4,61,Kolkata,Turning,RCB,1,177
91,4,9.1,37,Delhi,Green,KKR,1,153
92,4,9.2,55,Delhi,Turning,RCB,1,198
95,5,9.5,28,Chennai,Green,KKR,0,129
72,4,7.2,45,Bangalore,Flat,MI,1,206
45,6,4.5,25,Mumbai,Slow,SRH,1,79
53,2,5.3,34,Bangalore,Flat,SRH,0,166
94,3,9.4,59,Kolkata,Turning,DC,0,200
67,5,6.7,51,Delhi,Flat,MI,1,174
49,6,4.9,58,Kolkata,Green,SRH,0,131
49,2,4.9,35,Chennai,Green,CSK,1,133
96,2,9.6,62,Delhi,Slow,SRH,0,209
46,5,4.6,65,Chennai,Flat,SRH,1,178
89,2,8.9,37,Mumbai,Green,KKR,1,179
45,2,4.5,31,Delhi,Flat,SRH,0,142
82,2,8.2,27,Kolkata,Turning,SRH,1,149
101,3,10.1,56,Delhi,Green,RCB,1,217
103,4,10.3,21,Delhi,Flat,RCB,0,183
73,5,7.3,64,Mumbai,Turning,KKR,1,173
46,5,4.6,36,Mumbai,Turning,CSK,1,111
88,0,8.8,55,Mumbai,Slow,RCB,1,213
79,1,7.9,63,Mumbai,Slow,DC,0,193
75,6,7.5,36,Mumbai,Green,MI,0,144
90,1,9.0,26,Chennai,Flat,DC,1,192
45,6,4.5,54,Chennai,Slow,RCB,1,135
80,3,8.0,31,Kolkata,Turning,KKR,0,148
61,0,6.1,53,Delhi,Slow,SRH,0,174
89,3,8.9,63,Mumbai,Slow,CSK,1,200
46,0,4.6,63,Mumbai,Slow,SRH,0,168
91,4,9.1,36,Mumbai,Turning,MI,1,161
88,2,8.8,31,Delhi,Slow,MI,1,178
92,2,9.2,45,Bangalore,Slow,MI,0,196
74,6,7.4,26,Bangalore,Green,SRH,1,132
93,1,9.3,29,Mumbai,Slow,CSK,0,170
108,1,10.8,60,Kolkata,Turning,KKR,1,215
51,3,5.1,26,Mumbai,Flat,MI,1,149
57,3,5.7,41,Bangalore,Turning,RCB,1,143
47,3,4.7,27,Bangalore,Green,SRH,0,116
81,2,8.1,40,Kolkata,Slow,DC,1,182
55,3,5.5,59,Bangalore,Slow,DC,0,175
66,5,6.6,41,Delhi,Slow,CSK,0,124
88,1,8.8,40,Bangalore,Turning,DC,1,182
95,2,9.5,48,Bangalore,Slow,KKR,0,188
47,1,4.7,35,Bangalore,Flat,MI,0,164
58,0,5.8,24,Delhi,Flat,CSK,1,165
55,0,5.5,36,Kolkata,Green,CSK,1,140
74,1,7.4,38,Delhi,Green,MI,0,147
49,5,4.9,42,Bangalore,Slow,KKR,1,134
101,1,10.1,64,Kolkata,Green,SRH,1,225
100,4,10.0,60,Kolkata,Turning,RCB,1,205
74,6,7.4,25,Delhi,Turning,RCB,1,114
64,2,6.4,20,Chennai,Green,RCB,1,129
46,5,4.6,51,Delhi,Turning,CSK,1,132
82,4,8.2,34,Chennai,Turning,MI,1,156
100,3,10.0,35,Mumbai,Slow,KKR,0,171
55,3,5.5,60,Mumbai,Turning,RCB,1,166
69,6,6.9,24,Mumbai,Green,RCB,0,122
103,4,10.3,48,Bangalore,Slow,MI,1,186
64,0,6.4,54,Chennai,Green,CSK,1,168
61,5,6.1,48,Chennai,Green,CSK,0,115
108,1,10.8,41,Delhi,Turning,KKR,1,197
49,2,4.9,25,Mumbai,Flat,RCB,1,144
105,1,10.5,32,Bangalore,Slow,CSK,0,200
76,3,7.6,48,Mumbai,Flat,MI,1,211
57,4,5.7,62,Mumbai,Slow,KKR,1,183
86,1,8.6,60,Chennai,Flat,RCB,1,244
83,1,8.3,43,Chennai,Green,CSK,0,174
100,2,10.0,20,Mumbai,Turning,SRH,0,146
76,0,7.6,22,Kolkata,Slow,DC,0,143
56,1,5.6,30,Delhi,Flat,DC,1,177
52,0,5.2,42,Mumbai,Flat,MI,1,181
85,4,8.5,61,Bangalore,Slow,DC,0,174
93,2,9.3,28,Bangalore,Flat,KKR,1,202
82,4,8.2,64,Delhi,Green,SRH,0,181
89,2,8.9,49,Bangalore,Green,CSK,0,185
82,6,8.2,36,Kolkata,Turning,KKR,0,139
109,3,10.9,31,Chennai,Turning,SRH,0,156
53,5,5.3,54,Delhi,Green,SRH,1,145
64,4,6.4,38,Bangalore,Slow,DC,1,131
57,4,5.7,62,Chennai,Flat,MI,0,197
49,1,4.9,26,Delhi,Green,CSK,0,120
94,5,9.4,51,Kolkata,Turning,CSK,1,161
54,0,5.4,33,Delhi,Flat,KKR,0,166
98,6,9.8,43,Chennai,Turning,SRH,0,155
54,6,5.4,39,Chennai,Green,SRH,0,91
74,4,7.4,44,Mumbai,Green,SRH,0,151
67,4,6.7,55,Delhi,Flat,DC,1,194
103,5,10.3,62,Delhi,Flat,MI,0,231
96,4,9.6,41,Mumbai,Slow,RCB,1,190
86,6,8.6,43,Delhi,Slow,DC,1,159
75,4,7.5,54,Mumbai,Slow,SRH,1,168
102,3,10.2,45,Chennai,Flat,RCB,0,220
62,2,6.2,20,Bangalore,Green,MI,1,116
80,4,8.0,52,Kolkata,Green,CSK,0,161
90,1,9.0,28,Bangalore,Turning,SRH,0,150
77,6,7.7,39,Chennai,Slow,SRH,0,139
54,5,5.4,40,Delhi,Green,KKR,0,123
83,0,8.3,56,Delhi,Flat,CSK,1,227
100,3,10.0,27,Mumbai,Flat,DC,1,180
84,4,8.4,22,Bangalore,Green,RCB,0,133
51,5,5.1,45,Delhi,Flat,MI,1,154
95,1,9.5,28,Bangalore,Flat,KKR,0,205
96,2,9.6,25,Delhi,Slow,DC,0,170
62,3,6.2,55,Mumbai,Slow,KKR,0,168
76,1,7.6,24,Bangalore,Slow,RCB,0,149
97,3,9.7,43,Bangalore,Green,RCB,1,199
48,6,4.8,39,Mumbai,Turning,SRH,1,107
63,3,6.3,22,Mumbai,Green,DC,1,109
55,0,5.5,23,Mumbai,Green,RCB,0,132
59,2,5.9,48,Delhi,Flat,RCB,0,197
72,1,7.2,54,Kolkata,Turning,SRH,1,177
63,5,6.3,64,Chennai,Slow,SRH,0,148
66,0,6.6,38,Mumbai,Turning,CSK,1,163
46,0,4.6,44,Bangalore,Turning,CSK,0,137
94,1,9.4,44,Kolkata,Flat,RCB,1,241
56,1,5.6,32,Kolkata,Slow,SRH,0,119
76,4,7.6,39,Bangalore,Slow,KKR,0,141
89,5,8.9,42,Bangalore,Turning,MI,1,174
52,5,5.2,36,Delhi,Flat,SRH,1,134
64,2,6.4,45,Mumbai,Flat,DC,1,188
74,3,7.4,35,Kolkata,Green,KKR,1,162
87,3,8.7,54,Mumbai,Green,DC,0,184
70,6,7.0,28,Bangalore,Green,KKR,0,123
65,2,6.5,24,Kolkata,Flat,MI,1,174
63,5,6.3,21,Bangalore,Slow,KKR,1,117
80,1,8.0,32,Chennai,Green,MI,0,166
79,4,7.9,56,Kolkata,Green,SRH,0,157
48,2,4.8,25,Delhi,Green,SRH,1,118
92,1,9.2,44,Delhi,Slow,MI,0,184
73,0,7.3,46,Chennai,Turning,KKR,0,175
70,6,7.0,33,Chennai,Green,KKR,1,128
86,6,8.6,49,Mumbai,Slow,KKR,0,168
93,5,9.3,40,Delhi,Flat,SRH,0,182
103,6,10.3,22,Mumbai,Slow,DC,0,144
94,4,9.4,60,Chennai,Green,RCB,1,196
83,6,8.3,38,Delhi,Green,KKR,1,148
51,5,5.1,53,Mumbai,Slow,DC,1,128
109,0,10.9,31,Kolkata,Green,KKR,1,191
102,0,10.2,31,Delhi,Green,KKR,0,178
86,5,8.6,61,Mumbai,Flat,CSK,0,215
102,5,10.2,43,Chennai,Slow,DC,0,165
93,0,9.3,30,Bangalore,Green,MI,0,172
51,3,5.1,39,Bangalore,Slow,RCB,0,132
61,1,6.1,20,Kolkata,Turning,CSK,1,120
108,4,10.8,20,Kolkata,Slow,MI,0,162
105,3,10.5,46,Delhi,Flat,SRH,0,207
80,4,8.0,60,Kolkata,Green,CSK,0,162
52,5,5.2,42,Chennai,Green,CSK,1,113
56,0,5.6,26,Delhi,Green,MI,1,144
67,3,6.7,57,Bangalore,Flat,CSK,1,198
92,3,9.2,24,Delhi,Flat,RCB,1,179
60,5,6.0,37,Bangalore,Slow,SRH,0,133
71,4,7.1,23,Chennai,Flat,KKR,1,149
85,2,8.5,53,Kolkata,Turning,MI,1,187
108,3,10.8,31,Kolkata,Green,DC,1,164
45,0,4.5,21,Delhi,Flat,DC,0,151
98,3,9.8,22,Bangalore,Turning,SRH,0,132
70,5,7.0,38,Bangalore,Flat,RCB,1,180
86,6,8.6,20,Chennai,Turning,RCB,1,130
48,6,4.8,31,Mumbai,Turning,RCB,1,119
105,6,10.5,22,Mumbai,Slow,MI,1,168
87,3,8.7,46,Chennai,Turning,SRH,1,165
47,1,4.7,56,Bangalore,Turning,CSK,0,147
48,2,4.8,44,Kolkata,Green,SRH,1,125
59,6,5.9,39,Bangalore,Flat,RCB,1,151
108,1,10.8,43,Delhi,Turning,MI,1,193
59,2,5.9,22,Mumbai,Flat,KKR,0,161
106,4,10.6,29,Mumbai,Turning,KKR,1,174
86,1,8.6,26,Kolkata,Green,MI,0,157
94,5,9.4,53,Chennai,Flat,RCB,0,215
56,2,5.6,49,Chennai,Flat,SRH,1,162
84,5,8.4,33,Bangalore,Green,MI,1,145
85,6,8.5,48,Chennai,Turning,MI,0,141
59,0,5.9,59,Kolkata,Flat,MI,1,216
85,2,8.5,29,Bangalore,Green,MI,0,155
88,4,8.8,48,Chennai,Green,CSK,1,181
51,0,5.1,44,Chennai,Flat,KKR,1,172
102,4,10.2,42,Bangalore,Turning,MI,0,192
104,4,10.4,28,Chennai,Slow,CSK,1,157
104,3,10.4,34,Mumbai,Green,SRH,1,190
91,3,9.1,31,Bangalore,Turning,KKR,1,146
53,3,5.3,27,Bangalore,Slow,KKR,0,117
89,4,8.9,56,Mumbai,Flat,KKR,0,208
54,6,5.4,39,Kolkata,Slow,KKR,1,112
76,4,7.6,30,Delhi,Slow,CSK,1,132
100,6,10.0,47,Kolkata,Turning,SRH,0,147
54,5,5.4,65,Kolkata,Slow,CSK,1,152
57,6,5.7,48,Mumbai,Turning,KKR,0,128
58,5,5.8,58,Delhi,Turning,KKR,0,128
72,6,7.2,28,Kolkata,Flat,MI,0,145
82,3,8.2,59,Kolkata,Slow,MI,0,195
85,2,8.5,56,Bangalore,Slow,DC,1,187
46,4,4.6,52,Delhi,Green,RCB,0,136
51,0,5.1,65,Kolkata,Turning,CSK,1,186
48,1,4.8,47,Kolkata,Slow,DC,1,158
93,3,9.3,44,Delhi,Green,DC,0,171
62,1,6.2,55,Delhi,Turning,KKR,0,160
61,1,6.1,20,Chennai,Flat,MI,1,163
100,1,10.0,25,Mumbai,Slow,KKR,1,186
68,3,6.8,52,Delhi,Slow,KKR,1,163
68,3,6.8,58,Chennai,Slow,DC,0,173
109,2,10.9,46,Kolkata,Turning,CSK,0,194
106,5,10.6,43,Chennai,Slow,DC,0,161
80,3,8.0,53,Chennai,Flat,MI,1,212
54,5,5.4,60,Kolkata,Turning,SRH,0,147
88,4,8.8,20,Delhi,Slow,SRH,1,141
87,3,8.7,42,Bangalore,Turning,MI,0,176
83,5,8.3,56,Bangalore,Flat,DC,1,208
66,4,6.6,23,Bangalore,Flat,RCB,1,149
61,4,6.1,24,Bangalore,Turning,MI,1,111
77,0,7.7,27,Kolkata,Green,SRH,0,155
102,2,10.2,31,Bangalore,Green,KKR,0,188
49,2,4.9,25,Mumbai,Green,KKR,1,129
94,1,9.4,62,Delhi,Green,MI,1,205
78,6,7.8,27,Chennai,Green,KKR,1,121
83,3,8.3,54,Mumbai,Slow,DC,1,187
78,1,7.8,53,Delhi,Flat,RCB,1,223
85,4,8.5,63,Chennai,Flat,SRH,1,227
100,4,10.0,61,Bangalore,Turning,RCB,1,220
57,2,5.7,61,Kolkata,Slow,KKR,0,179
69,4,6.9,41,Mumbai,Turning,SRH,0,140
46,6,4.6,24,Chennai,Slow,CSK,0,88
102,2,10.2,34,Bangalore,Turning,MI,0,164
56,0,5.6,58,Mumbai,Flat,DC,0,190
61,3,6.1,62,Kolkata,Green,CSK,0,155
82,3,8.2,62,Chennai,Slow,RCB,1,208
86,2,8.6,30,Chennai,Turning,CSK,1,146
87,0,8.7,36,Bangalore,Green,KKR,0,182
70,4,7.0,45,Mumbai,Slow,CSK,0,154
100,1,10.0,59,Chennai,Slow,DC,1,204
49,0,4.9,24,Kolkata,Turning,KKR,0,130
108,1,10.8,61,Chennai,Flat,DC,1,245
64,5,6.4,41,Delhi,Flat,SRH,1,160
100,3,10.0,24,Kolkata,Green,CSK,1,172
106,0,10.6,56,Kolkata,Turning,RCB,1,225
52,5,5.2,61,Chennai,Turning,SRH,1,123
103,6,10.3,38,Mumbai,Green,SRH,0,172
94,5,9.4,32,Bangalore,Slow,CSK,1,161
55,5,5.5,48,Mumbai,Green,CSK,0,115
75,3,7.5,44,Chennai,Turning,KKR,1,168
47,0,4.7,41,Chennai,Turning,DC,0,128
60,1,6.0,61,Kolkata,Slow,DC,0,184
74,0,7.4,22,Mumbai,Slow,DC,0,149
50,1,5.0,64,Mumbai,Flat,MI,0,218
84,6,8.4,26,Delhi,Green,SRH,0,131
58,0,5.8,51,Kolkata,Green,CSK,0,161
88,6,8.8,63,Delhi,Turning,CSK,0,164
72,6,7.2,22,Kolkata,Green,RCB,0,101
80,1,8.0,46,Mumbai,Turning,SRH,0,168
76,4,7.6,22,Mumbai,Flat,DC,1,166
65,0,6.5,51,Chennai,Flat,CSK,0,212
56,5,5.6,61,Kolkata,Turning,KKR,1,154
61,1,6.1,29,Bangalore,Slow,KKR,0,161
67,4,6.7,64,Chennai,Green,DC,1,170
56,5,5.6,39,Bangalore,Slow,CSK,0,118
60,4,6.0,26,Kolkata,Turning,SRH,0,101
71,2,7.1,23,Mumbai,Flat,MI,1,171
67,1,6.7,62,Chennai,Flat,DC,1,206
71,3,7.1,36,Bangalore,Slow,CSK,0,158
51,4,5.1,31,Mumbai,Flat,KKR,0,130
75,5,7.5,48,Kolkata,Turning,KKR,0,152
86,1,8.6,27,Bangalore,Green,CSK,0,168
97,6,9.7,32,Delhi,Green,CSK,1,151
107,0,10.7,47,Mumbai,Green,SRH,1,204
94,2,9.4,28,Delhi,Green,DC,1,155
70,2,7.0,28,Chennai,Flat,RCB,0,159
104,3,10.4,46,Mumbai,Turning,MI,1,197
65,6,6.5,60,Kolkata,Green,SRH,0,131
97,6,9.7,53,Delhi,Green,SRH,1,184
104,2,10.4,20,Delhi,Green,MI,1,166
73,4,7.3,29,Kolkata,Flat,KKR,0,144
105,5,10.5,52,Chennai,Slow,SRH,1,187
57,3,5.7,51,Mumbai,Flat,SRH,0,183
97,1,9.7,28,Bangalore,Turning,MI,0,157
106,5,10.6,39,Mumbai,Slow,SRH,0,171
104,6,10.4,28,Delhi,Green,RCB,1,166
45,6,4.5,60,Chennai,Slow,DC,1,133
49,2,4.9,47,Bangalore,Green,DC,0,146
87,5,8.7,23,Kolkata,Turning,CSK,0,118
91,3,9.1,59,Chennai,Turning,RCB,0,196
53,4,5.3,65,Mumbai,Green,RCB,0,168
59,5,5.9,50,Kolkata,Green,DC,0,127
90,2,9.0,52,Delhi,Turning,CSK,0,177
89,3,8.9,51,Kolkata,Flat,KKR,1,213
92,6,9.2,63,Chennai,Green,KKR,0,164
95,1,9.5,38,Chennai,Flat,MI,1,203
63,3,6.3,29,Mumbai,Flat,RCB,1,176
61,3,6.1,42,Delhi,Slow,DC,0,136
69,0,6.9,21,Mumbai,Turning,KKR,1,147
86,3,8.6,57,Kolkata,Slow,KKR,1,197
61,6,6.1,39,Mumbai,Turning,MI,1,119
81,6,8.1,23,Mumbai,Turning,RCB,1,142
66,4,6.6,30,Kolkata,Turning,MI,0,131
64,1,6.4,35,Chennai,Flat,RCB,0,179
78,2,7.8,31,Mumbai,Flat,DC,1,179
63,2,6.3,48,Kolkata,Green,SRH,1,143
48,3,4.8,51,Mumbai,Slow,RCB,0,139
109,2,10.9,61,Bangalore,Slow,RCB,0,246
101,2,10.1,64,Chennai,Slow,CSK,0,219
59,2,5.9,21,Delhi,Green,KKR,1,109
86,0,8.6,58,Mumbai,Green,RCB,0,199
55,4,5.5,48,Chennai,Slow,MI,1,140
110,0,11.0,62,Bangalore,Slow,MI,1,247
94,2,9.4,20,Bangalore,Turning,RCB,1,162
56,1,5.6,48,Delhi,Slow,RCB,0,177
99,5,9.9,46,Mumbai,Flat,MI,0,200
105,6,10.5,53,Bangalore,Flat,SRH,1,203
45,3,4.5,60,Bangalore,Slow,MI,1,172
62,1,6.2,31,Delhi,Turning,SRH,1,120
83,6,8.3,57,Bangalore,Slow,SRH,1,166
48,6,4.8,20,Mumbai,Turning,RCB,1,78
81,3,8.1,31,Delhi,Green,CSK,0,152
80,3,8.0,24,Kolkata,Turning,SRH,1,133
100,6,10.0,36,Delhi,Flat,RCB,0,203
78,1,7.8,57,Chennai,Green,RCB,1,210
62,2,6.2,30,Chennai,Turning,RCB,1,140
90,0,9.0,38,Bangalore,Flat,SRH,0,221
68,6,6.8,26,Kolkata,Green,SRH,1,120
85,6,8.5,63,Bangalore,Turning,DC,1,163
90,6,9.0,29,Chennai,Green,SRH,1,127
107,3,10.7,41,Mumbai,Flat,MI,0,221
73,6,7.3,32,Kolkata,Flat,KKR,1,169
54,0,5.4,28,Chennai,Slow,RCB,1,154
91,1,9.1,48,Kolkata,Turning,MI,1,176
60,1,6.0,28,Mumbai,Green,RCB,0,134
61,0,6.1,47,Chennai,Flat,CSK,1,202
100,0,10.0,32,Chennai,Flat,DC,0,207
60,2,6.0,22,Chennai,Turning,DC,0,116
57,6,5.7,27,Kolkata,Green,SRH,0,83
89,0,8.9,25,Mumbai,Turning,SRH,1,158
65,6,6.5,52,Kolkata,Green,SRH,0,121
46,4,4.6,33,Mumbai,Turning,MI,0,115
57,1,5.7,52,Delhi,Turning,DC,0,152
58,1,5.8,42,Delhi,Slow,MI,0,155
59,6,5.9,40,Chennai,Slow,CSK,0,116
91,5,9.1,38,Kolkata,Flat,CSK,1,184
59,3,5.9,38,Delhi,Turning,DC,1,121
97,2,9.7,47,Mumbai,Flat,KKR,1,217
46,5,4.6,51,Chennai,Slow,KKR,0,115
63,3,6.3,45,Kolkata,Flat,DC,0,158
91,1,9.1,41,Mumbai,Slow,CSK,0,197
99,5,9.9,51,Bangalore,Turning,DC,1,175
105,5,10.5,58,Delhi,Slow,SRH,1,187
103,0,10.3,27,Bangalore,Slow,KKR,0,196
62,0,6.2,26,Chennai,Flat,KKR,0,155
93,4,9.3,63,Bangalore,Green,RCB,0,215
54,5,5.4,53,Delhi,Slow,MI,1,154
108,3,10.8,52,Bangalore,Turning,SRH,0,211
49,3,4.9,27,Delhi,Slow,RCB,1,125
103,0,10.3,22,Mumbai,Turning,DC,0,168
100,1,10.0,39,Delhi,Slow,CSK,1,201
105,3,10.5,55,Mumbai,Flat,KKR,1,239
93,4,9.3,63,Bangalore,Turning,RCB,0,186
50,1,5.0,43,Bangalore,Flat,DC,1,176
57,3,5.7,42,Bangalore,Slow,RCB,0,160
76,1,7.6,35,Bangalore,Flat,DC,0,202
84,0,8.4,41,Mumbai,Flat,SRH,1,199
103,5,10.3,47,Kolkata,Slow,RCB,0,195
105,4,10.5,21,Bangalore,Slow,SRH,1,156
57,6,5.7,51,Chennai,Green,RCB,1,140
88,1,8.8,59,Bangalore,Turning,KKR,0,202
54,6,5.4,54,Mumbai,Turning,RCB,0,130
96,6,9.6,34,Kolkata,Flat,DC,0,175
88,2,8.8,24,Kolkata,Slow,KKR,0,150
54,5,5.4,39,Kolkata,Turning,KKR,1,107
98,3,9.8,36,Kolkata,Slow,DC,0,183
47,5,4.7,65,Kolkata,Green,SRH,1,134
104,2,10.4,60,Kolkata,Slow,SRH,0,213
70,2,7.0,49,Mumbai,Green,MI,1,186
100,3,10.0,40,Chennai,Green,KKR,1,189
81,5,8.1,30,Bangalore,Green,KKR,0,126
64,1,6.4,21,Mumbai,Turning,KKR,1,133
100,3,10.0,61,Chennai,Green,MI,1,197
48,2,4.8,37,Kolkata,Green,DC,0,137
107,6,10.7,21,Chennai,Flat,RCB,1,192
53,3,5.3,43,Chennai,Slow,DC,0,123
59,4,5.9,52,Chennai,Turning,KKR,0,129
60,6,6.0,40,Bangalore,Slow,DC,0,139
99,1,9.9,29,Chennai,Green,MI,1,176
97,2,9.7,57,Chennai,Slow,SRH,1,210
59,2,5.9,54,Delhi,Slow,DC,0,176
80,6,8.0,29,Bangalore,Slow,DC,1,147
84,0,8.4,61,Kolkata,Flat,DC,0,238
75,2,7.5,55,Delhi,Turning,DC,1,186
60,4,6.0,35,Delhi,Slow,CSK,1,146
77,2,7.7,25,Mumbai,Turning,MI,0,154
101,5,10.1,40,Delhi,Flat,RCB,0,214
107,3,10.7,46,Bangalore,Slow,CSK,0,206
78,4,7.8,24,Bangalore,Slow,SRH,1,137
48,6,4.8,23,Mumbai,Slow,DC,0,73
96,1,9.6,60,Bangalore,Turning,SRH,0,194
65,1,6.5,53,Mumbai,Slow,RCB,1,190
62,2,6.2,31,Kolkata,Turning,RCB,0,121
98,2,9.8,31,Delhi,Slow,SRH,0,154
47,4,4.7,61,Kolkata,Green,CSK,1,137
78,5,7.8,30,Chennai,Slow,SRH,1,135
78,1,7.8,25,Bangalore,Green,SRH,0,132
100,6,10.0,49,Delhi,Flat,MI,0,194
79,2,7.9,51,Delhi,Green,KKR,0,180
72,6,7.2,38,Mumbai,Slow,MI,1,153
63,0,6.3,38,Bangalore,Green,SRH,1,174
76,2,7.6,57,Delhi,Flat,CSK,1,202
86,5,8.6,45,Mumbai,Slow,DC,1,174
77,0,7.7,26,Kolkata,Flat,CSK,1,199
75,3,7.5,42,Kolkata,Flat,CSK,1,186
93,2,9.3,45,Bangalore,Green,SRH,0,186
67,2,6.7,30,Kolkata,Slow,RCB,1,142
56,2,5.6,65,Kolkata,Slow,MI,1,170
85,0,8.5,28,Delhi,Turning,DC,1,174
100,2,10.0,36,Kolkata,Turning,SRH,1,170
66,2,6.6,51,Mumbai,Slow,CSK,0,157
51,1,5.1,31,Chennai,Slow,RCB,0,144
104,3,10.4,27,Delhi,Flat,KKR,1,206
107,3,10.7,51,Chennai,Green,CSK,1,184
71,6,7.1,38,Mumbai,Green,DC,1,134
72,4,7.2,20,Kolkata,Green,KKR,0,108
108,5,10.8,26,Bangalore,Flat,RCB,0,194
92,4,9.2,26,Bangalore,Green,CSK,0,146
106,3,10.6,60,Bangalore,Flat,RCB,0,256
102,2,10.2,56,Mumbai,Green,CSK,1,205
52,5,5.2,24,Kolkata,Slow,CSK,1,95
67,1,6.7,45,Chennai,Flat,MI,0,188
96,2,9.6,61,Mumbai,Flat,RCB,1,261
100,5,10.0,39,Kolkata,Green,RCB,0,180
92,4,9.2,32,Delhi,Slow,KKR,1,156
99,0,9.9,47,Bangalore,Green,KKR,1,200
50,4,5.0,41,Delhi,Green,DC,0,132
108,4,10.8,60,Kolkata,Flat,RCB,1,244
55,6,5.5,50,Bangalore,Green,MI,1,150
76,4,7.6,47,Bangalore,Flat,SRH,0,200
50,4,5.0,26,Kolkata,Slow,KKR,0,106
77,2,7.7,36,Kolkata,Flat,SRH,0,167
104,1,10.4,31,Delhi,Flat,CSK,1,226
83,2,8.3,57,Delhi,Slow,SRH,1,188
68,1,6.8,31,Chennai,Turning,DC,0,131
47,0,4.7,45,Chennai,Flat,MI,1,181
96,6,9.6,62,Kolkata,Slow,RCB,1,206
95,6,9.5,39,Chennai,Green,MI,0,142
59,6,5.9,21,Mumbai,Flat,MI,1,138
63,5,6.3,35,Delhi,Green,CSK,1,132
104,1,10.4,50,Delhi,Flat,CSK,0,246
64,5,6.4,64,Delhi,Slow,KKR,0,177
102,4,10.2,35,Mumbai,Turning,SRH,1,150
87,0,8.7,26,Delhi,Slow,KKR,1,160
107,3,10.7,51,Kolkata,Slow,MI,0,205
47,3,4.7,56,Bangalore,Flat,RCB,1,205
105,0,10.5,51,Kolkata,Turning,KKR,1,198
65,2,6.5,32,Delhi,Turning,KKR,0,134
73,4,7.3,63,Bangalore,Slow,MI,1,199
94,3,9.4,63,Bangalore,Slow,MI,0,207
56,5,5.6,50,Mumbai,Green,MI,0,142
107,0,10.7,46,Delhi,Turning,MI,0,209
51,0,5.1,42,Bangalore,Turning,DC,0,135
109,0,10.9,24,Bangalore,Slow,CSK,0,178
73,3,7.3,36,Bangalore,Turning,CSK,1,160
64,6,6.4,64,Kolkata,Flat,DC,0,193
101,6,10.1,49,Chennai,Flat,SRH,0,204
50,4,5.0,26,Mumbai,Flat,MI,1,132
82,5,8.2,48,Kolkata,Slow,DC,0,146
91,2,9.1,28,Chennai,Green,KKR,1,169
45,1,4.5,50,Bangalore,Turning,SRH,0,129
79,2,7.9,65,Delhi,Turning,DC,0,174
98,6,9.8,34,Mumbai,Slow,KKR,1,175
103,6,10.3,53,Bangalore,Flat,KKR,0,223
46,5,4.6,53,Chennai,Flat,RCB,1,163
66,3,6.6,23,Delhi,Flat,DC,0,160
52,5,5.2,65,Kolkata,Turning,KKR,1,161
83,5,8.3,40,Bangalore,Flat,RCB,0,197
96,3,9.6,61,Mumbai,Slow,DC,1,222
96,6,9.6,32,Bangalore,Flat,CSK,1,179
61,4,6.1,54,Bangalore,Green,CSK,1,158
88,6,8.8,60,Mumbai,Flat,CSK,1,200
83,5,8.3,47,Kolkata,Flat,DC,0,193
92,2,9.2,60,Kolkata,Turning,CSK,0,201
60,3,6.0,39,Kolkata,Flat,KKR,1,161
74,2,7.4,39,Bangalore,Green,DC,1,163
76,0,7.6,40,Kolkata,Green,RCB,1,170
63,5,6.3,47,Delhi,Flat,CSK,0,162
61,3,6.1,33,Delhi,Flat,RCB,1,174
95,6,9.5,36,Kolkata,Slow,DC,1,153
107,5,10.7,46,Mumbai,Green,SRH,0,177
103,1,10.3,65,Kolkata,Flat,DC,0,248
105,0,10.5,30,Kolkata,Turning,CSK,1,171
60,2,6.0,56,Bangalore,Flat,SRH,0,182
92,2,9.2,43,Bangalore,Turning,KKR,0,189
63,1,6.3,57,Delhi,Flat,RCB,1,207
68,6,6.8,51,Chennai,Flat,SRH,1,155
50,3,5.0,50,Kolkata,Turning,SRH,1,147
88,6,8.8,44,Delhi,Green,MI,1,168
102,5,10.2,48,Mumbai,Turning,CSK,1,174
74,3,7.4,41,Kolkata,Flat,DC,1,190
80,5,8.0,25,Mumbai,Flat,SRH,1,160
60,5,6.0,55,Chennai,Green,SRH,0,151
69,6,6.9,50,Kolkata,Flat,CSK,0,182
47,2,4.7,33,Mumbai,Slow,CSK,1,127
50,3,5.0,21,Bangalore,Slow,MI,1,104
85,3,8.5,36,Chennai,Flat,CSK,0,174
63,1,6.3,36,Chennai,Green,RCB,1,161
66,0,6.6,59,Bangalore,Green,CSK,0,182
94,0,9.4,40,Mumbai,Slow,RCB,1,206
60,0,6.0,32,Mumbai,Green,KKR,1,167
59,2,5.9,23,Bangalore,Slow,SRH,1,117
106,0,10.6,46,Mumbai,Flat,RCB,0,240
61,2,6.1,56,Delhi,Slow,CSK,0,177
63,2,6.3,54,Mumbai,Green,SRH,1,182
102,0,10.2,20,Delhi,Turning,DC,0,147
52,3,5.2,37,Kolkata,Turning,DC,1,116
72,4,7.2,52,Bangalore,Flat,MI,0,190
56,3,5.6,64,Chennai,Green,DC,1,174
100,1,10.0,59,Kolkata,Turning,DC,1,213
78,6,7.8,65,Delhi,Turning,MI,1,166
71,3,7.1,58,Bangalore,Flat,DC,0,207
45,4,4.5,50,Chennai,Flat,DC,0,149
107,6,10.7,45,Kolkata,Flat,DC,0,199
48,6,4.8,62,Delhi,Flat,RCB,1,189
90,3,9.0,31,Chennai,Flat,KKR,1,201
69,3,6.9,20,Mumbai,Flat,RCB,1,156
56,6,5.6,59,Bangalore,Green,MI,1,167
91,0,9.1,37,Delhi,Green,CSK,0,190
95,0,9.5,37,Kolkata,Slow,MI,0,198
67,0,6.7,57,Mumbai,Flat,MI,1,238
74,4,7.4,37,Mumbai,Flat,DC,1,181
103,0,10.3,47,Chennai,Turning,KKR,1,196
60,5,6.0,53,Delhi,Slow,RCB,0,167
73,0,7.3,37,Delhi,Slow,RCB,0,173
69,2,6.9,25,Kolkata,Flat,DC,0,164
99,0,9.9,35,Mumbai,Green,RCB,1,189
57,0,5.7,50,Delhi,Flat,SRH,1,206
77,1,7.7,26,Delhi,Green,RCB,0,166
87,4,8.7,35,Chennai,Slow,CSK,1,158
60,0,6.0,23,Chennai,Slow,RCB,0,151
61,0,6.1,48,Chennai,Turning,SRH,1,145
58,5,5.8,23,Kolkata,Flat,RCB,1,139
57,4,5.7,46,Mumbai,Flat,KKR,1,172
99,4,9.9,59,Chennai,Turning,DC,0,181
87,4,8.7,32,Chennai,Flat,CSK,0,174
69,4,6.9,28,Kolkata,Turning,RCB,1,130
101,1,10.1,35,Mumbai,Flat,CSK,0,207
100,4,10.0,61,Bangalore,Turning,SRH,0,182
105,2,10.5,58,Bangalore,Turning,RCB,0,219
63,0,6.3,35,Kolkata,Flat,KKR,1,176
70,5,7.0,32,Chennai,Turning,MI,1,130
104,4,10.4,64,Bangalore,Turning,SRH,1,204
87,1,8.7,26,Delhi,Flat,KKR,0,202
45,5,4.5,34,Mumbai,Slow,SRH,0,97
106,5,10.6,41,Delhi,Green,KKR,0,183
45,2,4.5,20,Chennai,Turning,CSK,0,79
82,3,8.2,32,Kolkata,Turning,CSK,0,130
70,2,7.0,31,Mumbai,Turning,DC,0,130
76,1,7.6,32,Chennai,Green,RCB,0,143
62,3,6.2,61,Chennai,Turning,MI,1,164
75,2,7.5,43,Mumbai,Slow,DC,0,153
63,1,6.3,32,Mumbai,Slow,DC,1,145
99,5,9.9,35,Chennai,Green,SRH,1,164
64,2,6.4,35,Chennai,Turning,MI,1,130
55,6,5.5,50,Kolkata,Flat,MI,1,172
110,2,11.0,51,Kolkata,Slow,MI,1,225
92,4,9.2,64,Delhi,Slow,KKR,1,207
96,5,9.6,57,Chennai,Green,MI,0,180
75,3,7.5,33,Bangalore,Slow,KKR,0,167
92,2,9.2,55,Chennai,Green,CSK,1,192
90,1,9.0,57,Chennai,Slow,SRH,1,200
102,3,10.2,47,Delhi,Turning,KKR,1,181
93,0,9.3,31,Delhi,Green,RCB,0,179
55,2,5.5,52,Kolkata,Flat,RCB,0,177
60,0,6.0,43,Chennai,Green,RCB,0,168
87,2,8.7,39,Bangalore,Green,DC,0,182
78,0,7.8,39,Bangalore,Turning,KKR,1,188
46,3,4.6,61,Kolkata,Green,KKR,0,141
71,3,7.1,34,Kolkata,Slow,DC,1,140
55,2,5.5,32,Delhi,Slow,MI,1,139
48,2,4.8,28,Kolkata,Green,RCB,0,121
90,2,9.0,34,Delhi,Slow,DC,1,180
83,2,8.3,57,Chennai,Flat,MI,0,231
87,4,8.7,60,Kolkata,Slow,KKR,0,203
95,0,9.5,54,Delhi,Green,KKR,0,203
102,5,10.2,39,Chennai,Green,CSK,0,145
107,0,10.7,31,Mumbai,Flat,KKR,1,219
74,2,7.4,62,Kolkata,Flat,KKR,0,210
46,1,4.6,40,Delhi,Slow,MI,0,131
98,3,9.8,24,Delhi,Green,MI,0,150
100,6,10.0,65,Delhi,Green,SRH,1,194
70,4,7.0,65,Delhi,Turning,MI,0,160
102,0,10.2,45,Kolkata,Green,SRH,1,216
107,3,10.7,49,Kolkata,Flat,DC,0,214
103,2,10.3,64,Bangalore,Slow,SRH,0,220
76,1,7.6,59,Delhi,Slow,KKR,0,202
57,3,5.7,64,Chennai,Green,MI,1,181
82,5,8.2,24,Mumbai,Slow,KKR,0,130
54,6,5.4,26,Kolkata,Turning,KKR,1,84
77,1,7.7,52,Chennai,Slow,CSK,0,185
104,3,10.4,41,Delhi,Green,KKR,0,167
77,0,7.7,65,Mumbai,Turning,DC,1,203
104,0,10.4,25,Kolkata,Green,DC,1,168
105,6,10.5,37,Mumbai,Green,CSK,0,150
82,0,8.2,54,Delhi,Green,CSK,0,198
79,1,7.9,48,Bangalore,Green,MI,0,198
72,3,7.2,64,Chennai,Flat,KKR,1,210
51,4,5.1,20,Chennai,Slow,MI,0,95
75,1,7.5,25,Chennai,Slow,CSK,0,138
69,5,6.9,62,Chennai,Green,CSK,0,164
66,0,6.6,46,Kolkata,Flat,RCB,1,212
69,4,6.9,33,Kolkata,Slow,KKR,0,127
72,0,7.2,42,Bangalore,Green,CSK,1,182
85,0,8.5,44,Mumbai,Slow,MI,0,201
80,5,8.0,59,Bangalore,Flat,CSK,0,200
83,6,8.3,58,Delhi,Flat,DC,0,184
57,4,5.7,40,Delhi,Green,RCB,0,140
85,6,8.5,62,Delhi,Flat,RCB,0,214
102,3,10.2,52,Mumbai,Flat,MI,0,233
60,2,6.0,35,Delhi,Green,SRH,0,118
62,2,6.2,51,Bangalore,Green,MI,1,162
49,1,4.9,58,Delhi,Turning,MI,1,158
50,4,5.0,46,Bangalore,Flat,MI,1,166
76,1,7.6,54,Chennai,Green,DC,0,179
93,4,9.3,40,Mumbai,Slow,DC,0,154
107,0,10.7,32,Chennai,Green,MI,0,177
67,4,6.7,55,Mumbai,Green,SRH,0,153
104,2,10.4,30,Mumbai,Green,KKR,0,180
76,2,7.6,38,Kolkata,Slow,DC,0,149
106,0,10.6,43,Delhi,Slow,MI,1,216
99,4,9.9,59,Delhi,Green,KKR,0,204
93,3,9.3,25,Bangalore,Green,SRH,0,144
93,3,9.3,39,Delhi,Turning,KKR,1,156
87,1,8.7,65,Delhi,Green,MI,0,196
46,6,4.6,52,Bangalore,Slow,KKR,1,151
95,5,9.5,43,Delhi,Slow,RCB,0,174
49,0,4.9,44,Kolkata,Green,MI,1,170
77,6,7.7,42,Kolkata,Slow,DC,1,150
52,5,5.2,44,Delhi,Green,MI,1,115
91,5,9.1,65,Chennai,Green,RCB,1,212
63,2,6.3,35,Kolkata,Green,CSK,0,144
56,5,5.6,65,Delhi,Slow,DC,0,156
69,3,6.9,30,Delhi,Turning,DC,1,130
93,4,9.3,39,Delhi,Flat,CSK,1,206
63,2,6.3,33,Delhi,Turning,CSK,0,140
107,0,10.7,26,Chennai,Slow,SRH,1,190
81,5,8.1,47,Mumbai,Green,RCB,0,172
62,1,6.2,51,Mumbai,Flat,KKR,0,188
70,0,7.0,31,Mumbai,Turning,KKR,1,161
58,6,5.8,60,Mumbai,Flat,RCB,0,180
60,2,6.0,24,Bangalore,Flat,SRH,0,152
107,5,10.7,26,Chennai,Flat,RCB,0,193
50,0,5.0,33,Kolkata,Flat,KKR,1,184
107,3,10.7,41,Kolkata,Slow,RCB,1,207
88,2,8.8,35,Bangalore,Slow,KKR,0,170
87,6,8.7,26,Chennai,Slow,DC,1,138
62,0,6.2,58,Chennai,Turning,DC,0,164
102,4,10.2,63,Delhi,Slow,DC,0,189
86,0,8.6,60,Bangalore,Flat,DC,1,249
101,1,10.1,58,Delhi,Slow,DC,0,210
99,3,9.9,62,Chennai,Slow,RCB,0,220
63,6,6.3,53,Kolkata,Flat,MI,1,185
56,2,5.6,63,Kolkata,Slow,MI,1,195
59,3,5.9,62,Kolkata,Green,MI,0,155
56,0,5.6,47,Chennai,Green,RCB,1,177
80,1,8.0,36,Delhi,Flat,DC,0,204
107,0,10.7,64,Bangalore,Green,SRH,0,238
88,3,8.8,65,Delhi,Slow,MI,0,198
59,2,5.9,25,Chennai,Flat,RCB,0,164
59,4,5.9,43,Mumbai,Turning,KKR,0,125
52,4,5.2,54,Mumbai,Slow,KKR,1,163
91,6,9.1,63,Mumbai,Green,CSK,1,169
103,2,10.3,29,Bangalore,Green,KKR,1,171
81,1,8.1,62,Chennai,Turning,RCB,0,190
106,5,10.6,33,Delhi,Turning,DC,1,144
87,1,8.7,65,Mumbai,Green,DC,0,221
67,6,6.7,51,Delhi,Turning,DC,0,116
95,2,9.5,47,Delhi,Turning,KKR,1,174
81,2,8.1,64,Mumbai,Slow,CSK,0,195
51,6,5.1,65,Bangalore,Slow,DC,0,152
62,3,6.2,64,Delhi,Turning,MI,0,158
70,5,7.0,61,Chennai,Turning,DC,0,156
63,3,6.3,47,Mumbai,Flat,CSK,1,184
67,0,6.7,27,Kolkata,Turning,SRH,1,128
96,1,9.6,22,Chennai,Green,KKR,1,157
67,5,6.7,44,Chennai,Slow,DC,1,132
101,2,10.1,20,Chennai,Flat,CSK,0,181
110,1,11.0,21,Kolkata,Slow,RCB,0,195
68,3,6.8,50,Delhi,Turning,SRH,0,136
86,0,8.6,65,Kolkata,Green,KKR,0,209
107,0,10.7,53,Kolkata,Flat,MI,0,240
68,0,6.8,55,Delhi,Turning,CSK,0,164
71,5,7.1,30,Chennai,Turning,CSK,0,99
109,2,10.9,43,Kolkata,Green,KKR,0,187
83,0,8.3,53,Bangalore,Slow,MI,1,219
85,4,8.5,42,Kolkata,Green,DC,0,159
50,1,5.0,22,Mumbai,Green,RCB,0,140
62,4,6.2,55,Mumbai,Turning,RCB,0,165
99,0,9.9,55,Bangalore,Turning,KKR,0,210
103,0,10.3,36,Delhi,Green,SRH,0,175
79,5,7.9,64,Mumbai,Turning,SRH,0,166
64,2,6.4,47,Delhi,Flat,SRH,0,168
79,0,7.9,54,Chennai,Slow,CSK,1,200
56,2,5.6,41,Bangalore,Green,MI,1,137
57,3,5.7,34,Delhi,Flat,CSK,0,154
84,4,8.4,51,Chennai,Turning,DC,1,164
79,4,7.9,26,Chennai,Green,RCB,1,130
89,6,8.9,63,Kolkata,Slow,KKR,0,175
46,5,4.6,52,Mumbai,Green,MI,1,139
79,0,7.9,60,Bangalore,Green,DC,1,213
103,1,10.3,48,Bangalore,Slow,SRH,1,205
99,4,9.9,65,Mumbai,Turning,DC,0,211
84,3,8.4,40,Chennai,Flat,CSK,0,199
56,1,5.6,56,Chennai,Flat,DC,1,195
108,6,10.8,20,Delhi,Green,KKR,1,147
60,3,6.0,20,Kolkata,Green,DC,0,113
99,5,9.9,54,Bangalore,Green,DC,0,187
102,1,10.2,63,Kolkata,Green,MI,0,218
62,4,6.2,42,Chennai,Slow,KKR,1,132
92,0,9.2,41,Mumbai,Flat,RCB,1,233
82,2,8.2,33,Chennai,Slow,MI,1,178
110,6,11.0,22,Delhi,Slow,CSK,1,138
103,2,10.3,39,Bangalore,Flat,CSK,1,235
68,3,6.8,42,Chennai,Flat,KKR,1,170
55,4,5.5,52,Mumbai,Slow,CSK,1,136
64,6,6.4,62,Bangalore,Green,KKR,1,158
83,2,8.3,47,Mumbai,Turning,CSK,1,181
101,1,10.1,28,Bangalore,Slow,CSK,1,199
70,0,7.0,32,Bangalore,Flat,MI,1,195
87,0,8.7,30,Mumbai,Slow,DC,1,166
98,3,9.8,55,Delhi,Green,RCB,1,208
94,1,9.4,27,Chennai,Flat,MI,0,190
109,0,10.9,63,Mumbai,Flat,DC,1,265
46,3,4.6,50,Bangalore,Turning,KKR,0,145
99,1,9.9,59,Mumbai,Green,MI,1,231
59,6,5.9,36,Mumbai,Slow,MI,1,134
58,5,5.8,52,Kolkata,Green,MI,0,131
60,1,6.0,45,Chennai,Turning,MI,0,147
47,4,4.7,32,Chennai,Flat,KKR,1,140
84,5,8.4,60,Mumbai,Green,RCB,1,190
52,4,5.2,47,Chennai,Turning,CSK,1,121
80,2,8.0,65,Delhi,Green,RCB,0,192
50,0,5.0,23,Bangalore,Green,RCB,1,133
57,3,5.7,31,Bangalore,Slow,RCB,1,138
59,0,5.9,62,Chennai,Green,RCB,1,199
91,5,9.1,57,Kolkata,Turning,MI,1,170
94,0,9.4,26,Mumbai,Flat,CSK,0,191
102,0,10.2,24,Kolkata,Turning,RCB,1,191
70,4,7.0,29,Chennai,Green,MI,1,132
77,6,7.7,55,Bangalore,Turning,KKR,0,170
100,0,10.0,50,Delhi,Flat,MI,1,252
61,2,6.1,22,Kolkata,Flat,DC,0,153
95,3,9.5,63,Kolkata,Flat,MI,1,247
110,3,11.0,55,Delhi,Slow,SRH,1,202
68,0,6.8,30,Kolkata,Green,SRH,0,157
110,3,11.0,52,Kolkata,Turning,RCB,0,197
79,4,7.9,27,Mumbai,Green,CSK,0,127
50,5,5.0,29,Bangalore,Green,RCB,0,118
76,6,7.6,33,Kolkata,Flat,CSK,1,162
92,2,9.2,25,Kolkata,Turning,DC,0,143
82,2,8.2,23,Chennai,Turning,MI,1,131
77,0,7.7,54,Kolkata,Flat,DC,1,235
77,6,7.7,60,Kolkata,Green,KKR,0,156
79,1,7.9,57,Delhi,Green,KKR,0,198
100,2,10.0,29,Delhi,Flat,KKR,0,198
68,6,6.8,31,Mumbai,Slow,DC,0,124
81,0,8.1,39,Mumbai,Green,KKR,0,164
63,0,6.3,47,Mumbai,Slow,DC,1,164
62,5,6.2,20,Kolkata,Flat,KKR,1,120
59,6,5.9,20,Chennai,Green,MI,0,83
63,5,6.3,58,Chennai,Flat,CSK,1,192
55,1,5.5,28,Delhi,Slow,MI,1,135
106,1,10.6,35,Chennai,Turning,DC,0,161
50,0,5.0,54,Bangalore,Flat,SRH,1,187
45,1,4.5,21,Mumbai,Slow,KKR,0,113
81,1,8.1,63,Delhi,Flat,KKR,0,218
73,0,7.3,38,Bangalore,Flat,SRH,1,188
91,0,9.1,22,Kolkata,Green,MI,1,169
87,4,8.7,31,Delhi,Green,DC,1,151
81,2,8.1,26,Bangalore,Slow,DC,1,171
78,6,7.8,65,Chennai,Flat,MI,0,193
63,3,6.3,48,Delhi,Flat,CSK,1,197
80,1,8.0,25,Bangalore,Green,MI,1,158
85,3,8.5,47,Delhi,Slow,SRH,1,165
76,3,7.6,46,Kolkata,Slow,SRH,1,167
74,3,7.4,25,Kolkata,Slow,SRH,0,137
56,1,5.6,43,Chennai,Green,CSK,1,149
105,1,10.5,27,Chennai,Turning,RCB,0,169
103,1,10.3,55,Delhi,Green,MI,0,200
62,0,6.2,64,Mumbai,Slow,DC,0,199
99,2,9.9,23,Chennai,Flat,KKR,0,171
63,2,6.3,29,Chennai,Green,CSK,0,128
98,1,9.8,31,Delhi,Green,DC,1,176
97,5,9.7,41,Delhi,Flat,RCB,0,189
52,5,5.2,22,Kolkata,Green,SRH,0,72
95,6,9.5,47,Delhi,Turning,SRH,1,165
74,3,7.4,30,Bangalore,Flat,SRH,1,188
61,5,6.1,33,Delhi,Flat,MI,1,144
54,6,5.4,64,Delhi,Slow,RCB,1,172
93,1,9.3,23,Bangalore,Slow,MI,1,165
58,0,5.8,43,Kolkata,Turning,CSK,0,142
65,4,6.5,26,Chennai,Green,SRH,0,118
84,1,8.4,55,Mumbai,Flat,MI,1,219
50,4,5.0,50,Chennai,Flat,RCB,0,182
84,0,8.4,42,Bangalore,Slow,SRH,0,182
95,5,9.5,42,Mumbai,Flat,RCB,1,220
109,0,10.9,52,Mumbai,Flat,SRH,1,252
49,2,4.9,30,Mumbai,Slow,CSK,0,138
74,1,7.4,63,Mumbai,Green,SRH,1,194
61,2,6.1,38,Bangalore,Slow,CSK,1,145
71,4,7.1,58,Chennai,Green,SRH,1,150
46,1,4.6,39,Kolkata,Flat,KKR,0,161
85,1,8.5,38,Mumbai,Flat,RCB,1,212
56,0,5.6,31,Delhi,Turning,KKR,1,148
101,5,10.1,28,Chennai,Slow,CSK,1,166
81,3,8.1,46,Kolkata,Green,KKR,1,171
85,2,8.5,25,Delhi,Slow,RCB,0,164
52,5,5.2,35,Kolkata,Flat,MI,0,135
93,1,9.3,56,Delhi,Flat,MI,1,252
104,5,10.4,25,Bangalore,Slow,KKR,1,152
55,1,5.5,26,Delhi,Slow,MI,1,133
53,2,5.3,41,Kolkata,Slow,MI,1,136
80,3,8.0,22,Kolkata,Green,KKR,0,137
72,2,7.2,56,Chennai,Slow,CSK,1,189
100,3,10.0,33,Chennai,Green,CSK,1,159
77,5,7.7,31,Chennai,Green,CSK,1,126
55,2,5.5,65,Delhi,Slow,SRH,0,176
78,1,7.8,23,Chennai,Slow,RCB,1,148
70,2,7.0,46,Delhi,Slow,SRH,0,176
100,2,10.0,64,Kolkata,Slow,CSK,0,202
63,2,6.3,62,Bangalore,Flat,MI,1,231
63,3,6.3,40,Chennai,Slow,RCB,0,147
61,5,6.1,48,Kolkata,Flat,CSK,0,170
69,3,6.9,64,Kolkata,Green,SRH,1,167
89,1,8.9,32,Kolkata,Flat,RCB,1,193
83,2,8.3,52,Chennai,Slow,DC,1,182
97,2,9.7,42,Kolkata,Slow,SRH,1,174
67,3,6.7,47,Bangalore,Green,SRH,0,155
100,3,10.0,38,Delhi,Turning,DC,0,152
58,0,5.8,61,Chennai,Slow,CSK,1,192
57,5,5.7,48,Kolkata,Flat,DC,1,174
98,1,9.8,34,Delhi,Slow,CSK,0,193
105,0,10.5,42,Delhi,Slow,DC,1,194
92,6,9.2,34,Kolkata,Turning,RCB,1,143
98,5,9.8,35,Chennai,Slow,CSK,0,140
64,6,6.4,43,Kolkata,Turning,RCB,0,143
100,1,10.0,55,Delhi,Green,SRH,1,220
51,6,5.1,56,Delhi,Green,DC,1,140
67,3,6.7,40,Kolkata,Green,KKR,0,131
61,4,6.1,27,Kolkata,Slow,DC,1,131
65,2,6.5,33,Chennai,Flat,CSK,1,152
64,0,6.4,59,Kolkata,Flat,SRH,1,197
61,3,6.1,60,Bangalore,Green,MI,0,165
69,4,6.9,35,Delhi,Turning,DC,0,118
55,1,5.5,60,Chennai,Flat,CSK,1,212
60,0,6.0,29,Bangalore,Turning,MI,0,130
108,6,10.8,43,Mumbai,Slow,CSK,1,190
47,3,4.7,24,Delhi,Flat,MI,1,137
85,5,8.5,48,Mumbai,Green,RCB,0,183
67,5,6.7,56,Kolkata,Flat,CSK,1,180
106,4,10.6,58,Kolkata,Flat,MI,1,250
60,1,6.0,58,Chennai,Flat,SRH,0,185
91,0,9.1,33,Chennai,Turning,MI,0,157
61,2,6.1,37,Delhi,Green,CSK,1,149
82,3,8.2,51,Delhi,Slow,MI,1,175
70,5,7.0,65,Bangalore,Slow,CSK,1,170
71,5,7.1,51,Delhi,Slow,KKR,1,171
85,4,8.5,26,Kolkata,Slow,KKR,0,145
90,2,9.0,60,Chennai,Slow,MI,0,217
110,2,11.0,57,Delhi,Turning,SRH,1,207
48,0,4.8,31,Bangalore,Slow,MI,1,140
54,1,5.4,62,Bangalore,Turning,MI,1,167
46,2,4.6,64,Chennai,Turning,MI,1,161
86,1,8.6,55,Chennai,Slow,RCB,0,204
72,0,7.2,55,Bangalore,Flat,SRH,1,228
100,2,10.0,40,Mumbai,Green,CSK,1,188
50,2,5.0,46,Chennai,Flat,KKR,0,171
86,4,8.6,44,Mumbai,Flat,RCB,0,207
45,3,4.5,38,Mumbai,Slow,CSK,0,119
47,0,4.7,50,Chennai,Slow,DC,1,150
85,6,8.5,42,Delhi,Flat,SRH,1,177
51,3,5.1,39,Delhi,Slow,DC,0,139
92,4,9.2,26,Chennai,Green,CSK,0,127
58,2,5.8,64,Delhi,Green,MI,0,165
92,6,9.2,54,Chennai,Flat,RCB,0,190
51,2,5.1,24,Bangalore,Turning,DC,1,107
66,1,6.6,57,Delhi,Flat,MI,1,226
63,6,6.3,57,Delhi,Slow,DC,0,146
75,4,7.5,50,Delhi,Turning,RCB,1,158
56,2,5.6,38,Chennai,Turning,SRH,0,129
71,5,7.1,24,Chennai,Slow,CSK,0,98
72,3,7.2,44,Mumbai,Slow,CSK,1,155
110,6,11.0,40,Bangalore,Slow,DC,0,187
109,0,10.9,28,Mumbai,Turning,KKR,1,203
110,1,11.0,45,Mumbai,Flat,RCB,1,240
84,6,8.4,56,Chennai,Green,KKR,0,168
59,1,5.9,21,Delhi,Green,RCB,0,130
102,2,10.2,36,Chennai,Flat,RCB,1,209
64,3,6.4,52,Delhi,Turning,CSK,1,147
92,0,9.2,23,Delhi,Slow,MI,1,168
96,1,9.6,58,Bangalore,Slow,SRH,1,206
51,5,5.1,35,Chennai,Green,CSK,0,116
49,4,4.9,37,Mumbai,Flat,SRH,0,137
73,4,7.3,64,Delhi,Slow,KKR,0,172
79,3,7.9,33,Mumbai,Green,RCB,1,168
81,5,8.1,20,Chennai,Green,SRH,1,124
84,6,8.4,64,Mumbai,Green,RCB,0,174
68,2,6.8,49,Mumbai,Flat,DC,1,194
87,0,8.7,31,Bangalore,Flat,MI,0,211
90,3,9.0,57,Chennai,Slow,MI,1,185
50,6,5.0,21,Kolkata,Turning,MI,0,89
63,6,6.3,26,Chennai,Turning,DC,1,95
107,5,10.7,42,Kolkata,Turning,DC,1,162
91,3,9.1,20,Bangalore,Turning,DC,1,156
106,0,10.6,37,Kolkata,Flat,MI,1,245
73,5,7.3,29,Bangalore,Slow,CSK,0,134
100,2,10.0,33,Chennai,Green,KKR,0,185
80,5,8.0,63,Kolkata,Slow,SRH,0,167
89,2,8.9,45,Kolkata,Slow,RCB,1,185
50,4,5.0,53,Bangalore,Flat,KKR,1,181
89,2,8.9,27,Chennai,Slow,DC,0,151
64,4,6.4,38,Kolkata,Green,RCB,1,137
53,6,5.3,38,Chennai,Slow,CSK,0,102
60,0,6.0,51,Bangalore,Flat,KKR,1,215
45,0,4.5,36,Mumbai,Turning,RCB,0,154
56,5,5.6,37,Mumbai,Green,KKR,0,114
73,0,7.3,50,Bangalore,Green,DC,1,185
96,0,9.6,36,Bangalore,Turning,MI,1,199
86,6,8.6,57,Mumbai,Green,RCB,0,175
70,2,7.0,39,Chennai,Turning,SRH,1,145
68,3,6.8,47,Chennai,Green,SRH,1,157
85,4,8.5,63,Bangalore,Slow,RCB,1,207
98,3,9.8,49,Chennai,Flat,KKR,0,222
62,4,6.2,39,Mumbai,Turning,MI,1,122
95,1,9.5,45,Chennai,Slow,SRH,1,203
51,0,5.1,23,Bangalore,Flat,RCB,0,177
82,4,8.2,50,Bangalore,Flat,CSK,0,205
71,4,7.1,29,Kolkata,Slow,MI,0,146
64,2,6.4,60,Bangalore,Flat,KKR,0,196
53,0,5.3,29,Kolkata,Flat,SRH,0,149
71,0,7.1,50,Chennai,Slow,KKR,0,194
60,2,6.0,45,Delhi,Green,MI,1,168
101,6,10.1,62,Kolkata,Flat,KKR,0,222
47,1,4.7,29,Mumbai,Green,SRH,0,119
106,2,10.6,38,Chennai,Slow,RCB,1,197
94,5,9.4,26,Delhi,Slow,KKR,0,131
81,3,8.1,27,Kolkata,Slow,CSK,1,133
101,0,10.1,42,Mumbai,Slow,DC,1,200
46,1,4.6,42,Kolkata,Green,RCB,1,149
53,1,5.3,61,Mumbai,Turning,DC,1,167
62,2,6.2,62,Bangalore,Slow,CSK,1,183
105,4,10.5,62,Mumbai,Turning,MI,1,212
89,4,8.9,59,Delhi,Flat,CSK,0,224
65,1,6.5,26,Chennai,Slow,DC,1,133
74,6,7.4,35,Chennai,Green,DC,1,133
98,0,9.8,23,Kolkata,Turning,CSK,0,174
54,3,5.4,43,Kolkata,Flat,MI,1,159
102,3,10.2,28,Kolkata,Green,MI,1,169
101,5,10.1,38,Mumbai,Green,DC,0,160
69,0,6.9,57,Chennai,Flat,MI,0,224
62,0,6.2,43,Delhi,Flat,RCB,0,204
108,1,10.8,33,Kolkata,Slow,SRH,1,188
62,6,6.2,24,Delhi,Slow,DC,1,118
54,4,5.4,25,Mumbai,Turning,CSK,0,100
74,0,7.4,58,Kolkata,Turning,CSK,0,194
82,6,8.2,36,Delhi,Turning,CSK,0,143
81,0,8.1,54,Kolkata,Green,SRH,1,190
52,4,5.2,64,Chennai,Slow,RCB,0,148
88,3,8.8,36,Mumbai,Turning,CSK,0,145
87,6,8.7,62,Chennai,Green,KKR,0,181
49,2,4.9,24,Delhi,Flat,SRH,1,156
61,2,6.1,22,Chennai,Flat,KKR,0,152
89,3,8.9,50,Bangalore,Green,CSK,0,166
70,4,7.0,58,Delhi,Flat,SRH,1,180
94,6,9.4,44,Mumbai,Slow,DC,1,169
62,0,6.2,48,Chennai,Turning,RCB,0,161
100,0,10.0,35,Mumbai,Flat,SRH,0,208
97,5,9.7,54,Kolkata,Flat,CSK,0,217
52,0,5.2,23,Mumbai,Slow,MI,1,125
85,2,8.5,58,Mumbai,Turning,MI,1,196
60,5,6.0,24,Chennai,Turning,SRH,0,90
90,6,9.0,34,Delhi,Turning,RCB,1,160
76,4,7.6,37,Bangalore,Flat,CSK,1,193
97,5,9.7,59,Delhi,Turning,CSK,0,193
62,6,6.2,53,Mumbai,Turning,DC,0,119
92,5,9.2,29,Chennai,Green,DC,1,145
103,0,10.3,21,Delhi,Flat,RCB,1,218
94,2,9.4,25,Chennai,Turning,SRH,1,149
47,6,4.7,44,Delhi,Slow,CSK,0,104
93,1,9.3,62,Delhi,Flat,DC,1,228
89,0,8.9,58,Bangalore,Turning,SRH,0,211
48,2,4.8,59,Delhi,Slow,DC,0,167
58,4,5.8,44,Bangalore,Slow,KKR,1,139
93,3,9.3,35,Mumbai,Flat,RCB,1,195
76,6,7.6,54,Bangalore,Turning,SRH,1,139
80,2,8.0,37,Bangalore,Flat,CSK,1,199
86,6,8.6,36,Mumbai,Slow,KKR,0,146
46,3,4.6,22,Bangalore,Slow,DC,0,104
52,4,5.2,25,Bangalore,Turning,CSK,1,96
78,6,7.8,37,Bangalore,Slow,MI,0,150
67,1,6.7,59,Chennai,Green,CSK,0,164
109,6,10.9,48,Kolkata,Turning,CSK,0,155
78,2,7.8,21,Bangalore,Flat,SRH,0,162
58,0,5.8,52,Delhi,Flat,SRH,0,186
71,2,7.1,56,Bangalore,Slow,CSK,1,200
81,1,8.1,21,Bangalore,Turning,RCB,1,170
92,3,9.2,38,Kolkata,Flat,MI,1,188
82,1,8.2,57,Chennai,Flat,SRH,0,224
85,4,8.5,65,Kolkata,Turning,MI,1,200
49,5,4.9,29,Delhi,Flat,CSK,0,130
109,4,10.9,60,Kolkata,Slow,SRH,0,217
51,4,5.1,50,Kolkata,Slow,RCB,1,142
82,1,8.2,41,Mumbai,Turning,MI,1,172
59,5,5.9,35,Delhi,Slow,RCB,0,126
109,0,10.9,43,Delhi,Green,KKR,1,205
61,4,6.1,35,Delhi,Green,SRH,1,136
81,2,8.1,40,Chennai,Flat,KKR,1,196
63,4,6.3,51,Mumbai,Green,KKR,0,141
60,3,6.0,36,Kolkata,Slow,DC,0,121
49,6,4.9,47,Chennai,Green,CSK,0,111
94,3,9.4,42,Mumbai,Slow,DC,0,184
82,0,8.2,41,Bangalore,Flat,DC,0,196
90,3,9.0,46,Delhi,Slow,RCB,1,199
62,5,6.2,31,Kolkata,Flat,MI,0,149
92,5,9.2,61,Delhi,Slow,RCB,1,191
110,5,11.0,57,Bangalore,Flat,MI,1,239
88,0,8.8,56,Kolkata,Slow,RCB,1,217
85,6,8.5,31,Mumbai,Flat,DC,0,159
80,4,8.0,59,Bangalore,Flat,RCB,1,213
60,2,6.0,37,Delhi,Slow,MI,0,140
78,4,7.8,26,Mumbai,Turning,MI,0,121
110,6,11.0,30,Chennai,Flat,SRH,0,162
107,6,10.7,21,Bangalore,Green,RCB,1,166
101,4,10.1,28,Delhi,Turning,CSK,0,147
100,3,10.0,36,Chennai,Green,RCB,0,190
90,6,9.0,25,Mumbai,Flat,RCB,0,170
87,2,8.7,49,Kolkata,Flat,DC,1,224
49,3,4.9,26,Kolkata,Turning,MI,0,119
46,1,4.6,28,Kolkata,Slow,MI,0,118
105,1,10.5,51,Mumbai,Slow,RCB,0,214
56,4,5.6,33,Chennai,Slow,CSK,1,123
71,5,7.1,31,Chennai,Slow,DC,1,131
93,5,9.3,57,Mumbai,Turning,KKR,0,191
83,6,8.3,34,Bangalore,Slow,KKR,1,153
90,4,9.0,50,Bangalore,Flat,MI,0,226
81,3,8.1,48,Bangalore,Green,DC,1,162
67,3,6.7,40,Chennai,Turning,DC,1,143
61,6,6.1,50,Delhi,Slow,DC,0,119
82,2,8.2,52,Mumbai,Slow,CSK,1,183
85,3,8.5,45,Delhi,Slow,KKR,1,192
51,2,5.1,51,Mumbai,Turning,DC,0,136
102,3,10.2,34,Kolkata,Green,SRH,0,174
59,4,5.9,59,Bangalore,Green,SRH,0,170
47,6,4.7,44,Chennai,Turning,RCB,0,114
51,4,5.1,33,Bangalore,Green,MI,1,137
74,2,7.4,30,Bangalore,Turning,KKR,0,146
76,0,7.6,22,Chennai,Flat,SRH,1,184
107,0,10.7,30,Bangalore,Turning,CSK,0,191
76,0,7.6,37,Chennai,Slow,DC,1,158
79,6,7.9,25,Chennai,Flat,SRH,1,130
46,5,4.6,54,Kolkata,Green,CSK,1,121
84,6,8.4,40,Delhi,Flat,RCB,1,184
70,0,7.0,36,Kolkata,Slow,KKR,1,167
56,1,5.6,46,Kolkata,Turning,KKR,1,166
109,1,10.9,44,Chennai,Slow,DC,1,220
92,6,9.2,54,Chennai,Slow,MI,0,169
74,3,7.4,43,Delhi,Flat,DC,1,181
63,6,6.3,60,Chennai,Flat,SRH,0,160
107,4,10.7,35,Chennai,Green,KKR,1,174
74,0,7.4,51,Bangalore,Slow,RCB,1,216
64,0,6.4,40,Kolkata,Slow,CSK,1,172
71,6,7.1,55,Delhi,Slow,RCB,0,156
104,5,10.4,50,Kolkata,Flat,CSK,1,220
54,3,5.4,28,Chennai,Green,SRH,0,97
70,3,7.0,27,Chennai,Slow,KKR,0,136
107,1,10.7,55,Delhi,Slow,CSK,1,210
100,2,10.0,63,Bangalore,Turning,SRH,1,216
66,1,6.6,38,Kolkata,Green,SRH,1,152
77,3,7.7,49,Mumbai,Turning,DC,0,149
105,0,10.5,40,Delhi,Green,MI,1,194
45,2,4.5,64,Mumbai,Green,DC,0,160
103,2,10.3,26,Chennai,Slow,SRH,0,151
89,5,8.9,55,Mumbai,Turning,DC,0,181
69,2,6.9,38,Delhi,Turning,RCB,1,170
77,4,7.7,54,Mumbai,Flat,SRH,0,182
72,2,7.2,31,Bangalore,Flat,MI,1,180
80,6,8.0,59,Delhi,Green,MI,0,176
74,1,7.4,25,Kolkata,Green,MI,0,144
45,2,4.5,24,Chennai,Green,SRH,1,101
105,2,10.5,39,Kolkata,Flat,MI,1,219
94,5,9.4,50,Bangalore,Turning,SRH,1,173
55,4,5.5,33,Mumbai,Turning,DC,0,121
100,4,10.0,48,Delhi,Turning,DC,0,174
100,5,10.0,42,Mumbai,Flat,RCB,1,221
89,5,8.9,47,Mumbai,Green,KKR,1,161
46,1,4.6,48,Bangalore,Green,CSK,1,147
57,2,5.7,36,Kolkata,Flat,SRH,1,150
80,5,8.0,50,Delhi,Flat,DC,1,182
52,4,5.2,21,Delhi,Slow,KKR,0,103
58,0,5.8,43,Chennai,Green,DC,0,161
61,0,6.1,46,Chennai,Flat,KKR,0,185
57,6,5.7,54,Bangalore,Green,DC,0,130
85,5,8.5,30,Kolkata,Turning,SRH,0,141
96,3,9.6,62,Chennai,Flat,MI,0,238
79,0,7.9,31,Delhi,Flat,RCB,0,206
109,3,10.9,31,Chennai,Turning,RCB,1,166
88,3,8.8,56,Chennai,Slow,CSK,0,198
56,1,5.6,25,Mumbai,Turning,SRH,0,127
66,6,6.6,20,Mumbai,Turning,KKR,0,110
76,2,7.6,63,Mumbai,Green,RCB,0,195
81,1,8.1,37,Mumbai,Turning,KKR,0,175
69,2,6.9,32,Mumbai,Turning,RCB,1,144
56,3,5.6,42,Kolkata,Turning,RCB,1,152
66,0,6.6,57,Delhi,Green,SRH,0,185
100,2,10.0,61,Bangalore,Green,RCB,1,214
110,6,11.0,33,Bangalore,Green,KKR,1,156
59,4,5.9,62,Mumbai,Slow,MI,1,176
86,2,8.6,56,Delhi,Flat,RCB,0,232
90,6,9.0,20,Mumbai,Slow,KKR,1,130
57,1,5.7,42,Bangalore,Green,KKR,0,163
47,3,4.7,59,Delhi,Slow,DC,1,155
76,2,7.6,43,Kolkata,Turning,KKR,1,156
50,1,5.0,52,Chennai,Slow,KKR,1,176
96,4,9.6,21,Mumbai,Green,RCB,0,167
62,1,6.2,62,Bangalore,Flat,CSK,1,227
63,6,6.3,42,Delhi,Slow,MI,1,122
63,1,6.3,31,Bangalore,Turning,CSK,0,129
71,3,7.1,25,Mumbai,Green,DC,1,117
106,1,10.6,42,Chennai,Slow,SRH,1,206
72,3,7.2,62,Delhi,Slow,DC,0,188
57,3,5.7,28,Bangalore,Green,KKR,1,141
81,6,8.1,63,Delhi,Slow,SRH,0,166
107,5,10.7,57,Chennai,Green,SRH,0,194
75,2,7.5,43,Bangalore,Flat,SRH,1,211
54,5,5.4,34,Mumbai,Slow,MI,0,112
83,3,8.3,25,Bangalore,Slow,DC,0,144
64,2,6.4,39,Delhi,Slow,CSK,1,168
98,1,9.8,30,Delhi,Flat,KKR,0,200
57,5,5.7,45,Chennai,Green,RCB,0,135
109,3,10.9,63,Delhi,Flat,KKR,1,249
51,2,5.1,47,Bangalore,Flat,SRH,1,179
92,6,9.2,50,Bangalore,Turning,CSK,0,159
94,6,9.4,63,Chennai,Green,CSK,1,196
78,1,7.8,52,Kolkata,Slow,KKR,0,185
81,0,8.1,27,Delhi,Slow,RCB,0,184
92,2,9.2,47,Bangalore,Turning,CSK,1,176
82,2,8.2,46,Chennai,Slow,RCB,1,191
49,4,4.9,27,Bangalore,Flat,SRH,1,130
67,0,6.7,54,Chennai,Green,DC,0,177
108,3,10.8,37,Bangalore,Slow,DC,0,201
103,0,10.3,24,Bangalore,Turning,CSK,0,178
57,3,5.7,52,Chennai,Turning,DC,1,140
96,0,9.6,31,Bangalore,Flat,KKR,0,224
69,4,6.9,36,Bangalore,Green,DC,0,132
105,1,10.5,47,Bangalore,Green,RCB,0,219
96,1,9.6,63,Bangalore,Turning,CSK,1,208
47,6,4.7,46,Mumbai,Turning,RCB,1,127
85,0,8.5,34,Mumbai,Flat,DC,1,198
53,4,5.3,38,Kolkata,Slow,SRH,1,130
87,4,8.7,44,Delhi,Flat,RCB,1,200
89,6,8.9,48,Mumbai,Slow,DC,1,158
66,5,6.6,44,Bangalore,Slow,CSK,0,148
107,4,10.7,42,Chennai,Green,DC,1,172
82,6,8.2,40,Delhi,Slow,CSK,0,147
66,4,6.6,42,Kolkata,Slow,KKR,0,152
81,4,8.1,51,Mumbai,Slow,SRH,0,166
60,0,6.0,45,Mumbai,Green,CSK,1,156
65,6,6.5,45,Kolkata,Slow,RCB,0,139
80,2,8.0,43,Chennai,Turning,SRH,1,150
96,3,9.6,49,Bangalore,Slow,MI,0,194
81,0,8.1,54,Bangalore,Slow,DC,0,206
57,3,5.7,57,Delhi,Slow,KKR,0,166
48,4,4.8,34,Mumbai,Flat,SRH,1,159
47,2,4.7,59,Mumbai,Green,SRH,1,163
56,2,5.6,21,Kolkata,Slow,SRH,0,125
65,3,6.5,43,Mumbai,Green,KKR,0,143
61,2,6.1,24,Chennai,Green,SRH,1,118
76,5,7.6,58,Delhi,Green,MI,1,172
59,6,5.9,58,Bangalore,Green,MI,1,161
53,0,5.3,22,Delhi,Slow,KKR,0,140
98,2,9.8,65,Kolkata,Flat,DC,0,237
106,6,10.6,23,Bangalore,Slow,DC,0,145
96,5,9.6,52,Delhi,Slow,CSK,0,168
78,6,7.8,57,Chennai,Green,RCB,1,173
88,1,8.8,35,Delhi,Green,RCB,0,172
54,3,5.4,65,Delhi,Green,RCB,1,170
101,2,10.1,48,Bangalore,Turning,SRH,0,198
62,1,6.2,53,Bangalore,Flat,MI,1,213
91,5,9.1,38,Bangalore,Green,SRH,1,158
101,5,10.1,38,Mumbai,Green,MI,1,185
94,2,9.4,60,Mumbai,Flat,MI,1,232
46,2,4.6,43,Kolkata,Slow,KKR,0,133
64,4,6.4,52,Bangalore,Turning,KKR,1,161
66,6,6.6,53,Delhi,Green,KKR,1,132
53,2,5.3,34,Bangalore,Green,MI,0,128
60,5,6.0,32,Bangalore,Slow,KKR,0,136
74,5,7.4,32,Bangalore,Flat,KKR,0,179
87,4,8.7,24,Bangalore,Flat,CSK,1,177
76,1,7.6,36,Mumbai,Green,MI,1,159
50,4,5.0,37,Kolkata,Turning,CSK,0,116
53,1,5.3,53,Bangalore,Flat,MI,0,188
106,3,10.6,26,Kolkata,Flat,RCB,0,192
106,0,10.6,48,Chennai,Slow,MI,0,217
72,4,7.2,51,Bangalore,Flat,SRH,1,204
59,5,5.9,48,Mumbai,Slow,CSK,1,153
97,4,9.7,37,Delhi,Green,RCB,1,177
81,5,8.1,39,Bangalore,Green,RCB,1,168
109,2,10.9,60,Delhi,Flat,MI,1,240
85,4,8.5,50,Delhi,Green,MI,0,180
100,5,10.0,39,Chennai,Slow,RCB,0,163
58,6,5.8,34,Mumbai,Turning,SRH,1,102
105,0,10.5,63,Bangalore,Green,SRH,0,225
65,1,6.5,45,Mumbai,Green,SRH,0,153
105,5,10.5,58,Delhi,Turning,MI,1,195
83,2,8.3,29,Bangalore,Turning,DC,1,164
85,3,8.5,39,Delhi,Slow,KKR,0,175
96,0,9.6,46,Bangalore,Green,KKR,1,194
70,1,7.0,62,Bangalore,Turning,RCB,0,190
99,6,9.9,44,Bangalore,Green,MI,1,187
80,0,8.0,24,Mumbai,Green,RCB,1,184
105,0,10.5,62,Delhi,Slow,MI,1,245
93,0,9.3,26,Chennai,Turning,RCB,1,172
81,0,8.1,50,Mumbai,Flat,RCB,1,244
64,6,6.4,29,Kolkata,Turning,SRH,0,99
56,3,5.6,35,Bangalore,Turning,SRH,1,134
47,1,4.7,24,Bangalore,Turning,KKR,0,105
86,3,8.6,34,Delhi,Turning,RCB,0,163
78,2,7.8,58,Chennai,Green,CSK,1,181
95,6,9.5,51,Chennai,Flat,SRH,1,180
100,0,10.0,52,Bangalore,Slow,RCB,1,238
53,5,5.3,24,Kolkata,Flat,SRH,0,123
65,6,6.5,52,Chennai,Slow,SRH,0,145
54,6,5.4,63,Delhi,Turning,KKR,1,156
64,5,6.4,41,Chennai,Green,DC,1,127
100,0,10.0,45,Kolkata,Turning,CSK,1,182
46,1,4.6,40,Delhi,Green,RCB,0,145
86,4,8.6,49,Mumbai,Turning,DC,0,153
63,1,6.3,39,Mumbai,Flat,CSK,0,189
61,4,6.1,42,Chennai,Turning,RCB,0,139
71,1,7.1,39,Mumbai,Slow,RCB,0,187
72,6,7.2,42,Chennai,Green,KKR,0,141
93,0,9.3,48,Mumbai,Slow,CSK,1,207
96,1,9.6,33,Delhi,Flat,CSK,0,204
60,1,6.0,33,Chennai,Slow,DC,1,150
85,3,8.5,32,Mumbai,Flat,SRH,1,184
77,4,7.7,27,Delhi,Flat,CSK,1,173
98,3,9.8,26,Bangalore,Turning,RCB,0,162
83,1,8.3,64,Chennai,Slow,KKR,0,219
80,5,8.0,61,Bangalore,Flat,MI,0,199
46,1,4.6,53,Mumbai,Green,DC,1,164
49,0,4.9,58,Mumbai,Turning,RCB,1,188
65,3,6.5,31,Mumbai,Green,DC,0,125
59,6,5.9,30,Chennai,Slow,MI,1,110
92,6,9.2,36,Kolkata,Turning,CSK,0,132
48,3,4.8,22,Mumbai,Slow,CSK,1,120
66,1,6.6,26,Chennai,Turning,MI,0,128
53,0,5.3,50,Delhi,Slow,SRH,1,155
45,2,4.5,50,Delhi,Turning,MI,1,149
91,4,9.1,62,Chennai,Slow,KKR,0,181
73,4,7.3,28,Mumbai,Green,DC,0,135
57,5,5.7,45,Bangalore,Flat,MI,0,158
68,5,6.8,62,Bangalore,Turning,DC,1,169
79,6,7.9,28,Bangalore,Slow,RCB,0,142
49,5,4.9,44,Chennai,Green,MI,0,106
49,6,4.9,35,Mumbai,Slow,RCB,0,119
106,3,10.6,42,Mumbai,Slow,KKR,0,192
78,4,7.8,48,Chennai,Turning,DC,1,147
68,2,6.8,41,Delhi,Slow,DC,0,159
88,6,8.8,53,Bangalore,Flat,RCB,1,216
48,4,4.8,28,Chennai,Green,KKR,0,88
82,1,8.2,42,Bangalore,Slow,KKR,0,199
109,1,10.9,45,Kolkata,Green,MI,0,214
47,1,4.7,42,Kolkata,Green,SRH,0,142
91,4,9.1,34,Kolkata,Green,RCB,0,148
66,5,6.6,60,Kolkata,Green,DC,0,154
99,6,9.9,32,Bangalore,Flat,KKR,1,185
98,3,9.8,49,Bangalore,Green,DC,1,178
54,2,5.4,65,Kolkata,Turning,MI,0,151
97,1,9.7,29,Delhi,Green,MI,1,189
65,5,6.5,46,Delhi,Green,MI,1,132
73,2,7.3,28,Delhi,Flat,DC,0,157
101,1,10.1,63,Bangalore,Turning,CSK,0,218
84,4,8.4,26,Kolkata,Slow,MI,1,142
60,4,6.0,59,Delhi,Green,CSK,1,171
79,0,7.9,44,Bangalore,Flat,DC,1,213
66,5,6.6,64,Delhi,Turning,MI,0,146
91,1,9.1,62,Delhi,Slow,KKR,0,219
58,6,5.8,37,Bangalore,Turning,DC,1,112
77,2,7.7,25,Chennai,Flat,DC,1,160
108,1,10.8,57,Delhi,Turning,CSK,1,218
93,4,9.3,53,Delhi,Flat,SRH,0,209
57,4,5.7,26,Chennai,Green,RCB,1,129
95,5,9.5,22,Bangalore,Slow,KKR,0,162
96,6,9.6,60,Delhi,Flat,MI,0,198
87,0,8.7,38,Delhi,Flat,DC,1,222
77,2,7.7,63,Bangalore,Turning,MI,1,196
51,2,5.1,49,Bangalore,Green,MI,1,166
96,6,9.6,42,Mumbai,Slow,CSK,1,163
74,2,7.4,39,Chennai,Flat,DC,1,178
108,5,10.8,31,Delhi,Green,RCB,1,169
88,6,8.8,48,Bangalore,Green,MI,1,154
59,1,5.9,57,Bangalore,Turning,SRH,0,162
54,1,5.4,25,Chennai,Slow,RCB,0,139
88,4,8.8,42,Delhi,Green,KKR,0,174
82,4,8.2,56,Chennai,Turning,MI,1,183
50,1,5.0,55,Mumbai,Turning,CSK,1,150
73,1,7.3,34,Delhi,Green,MI,0,150
76,0,7.6,59,Delhi,Slow,KKR,0,199
68,6,6.8,53,Kolkata,Slow,DC,1,157
78,5,7.8,43,Bangalore,Slow,RCB,1,182
75,2,7.5,54,Bangalore,Flat,DC,0,202
76,6,7.6,54,Kolkata,Green,CSK,1,156
85,0,8.5,58,Mumbai,Turning,DC,0,196
79,4,7.9,23,Delhi,Slow,KKR,1,125
66,0,6.6,55,Delhi,Flat,RCB,1,234
63,0,6.3,63,Bangalore,Flat,DC,1,227
77,5,7.7,21,Kolkata,Slow,KKR,0,118
72,5,7.2,48,Bangalore,Turning,RCB,0,157
110,3,11.0,29,Kolkata,Turning,CSK,0,170
90,4,9.0,27,Chennai,Flat,SRH,1,178
65,5,6.5,32,Mumbai,Green,MI,0,129
108,5,10.8,27,Bangalore,Flat,CSK,1,196
94,6,9.4,46,Delhi,Slow,MI,1,163
57,2,5.7,42,Mumbai,Slow,RCB,1,149
68,2,6.8,45,Mumbai,Green,RCB,0,162
102,6,10.2,26,Kolkata,Turning,CSK,0,136
52,5,5.2,43,Chennai,Green,CSK,0,99
86,3,8.6,39,Chennai,Turning,CSK,0,141
108,1,10.8,54,Mumbai,Turning,CSK,0,214
92,4,9.2,31,Delhi,Green,SRH,0,157
101,0,10.1,59,Chennai,Flat,RCB,1,247
89,5,8.9,31,Kolkata,Green,CSK,1,134
64,4,6.4,41,Delhi,Slow,KKR,0,147
53,2,5.3,35,Bangalore,Green,MI,1,132
96,0,9.6,42,Chennai,Slow,DC,0,203
56,5,5.6,61,Bangalore,Slow,SRH,0,147
86,1,8.6,48,Mumbai,Turning,DC,1,181
100,3,10.0,25,Delhi,Flat,KKR,0,182
106,4,10.6,44,Bangalore,Slow,RCB,0,200
50,1,5.0,25,Bangalore,Green,DC,1,134
51,4,5.1,21,Chennai,Turning,KKR,0,85
51,6,5.1,63,Delhi,Green,SRH,1,146
50,1,5.0,26,Delhi,Green,MI,1,115
71,3,7.1,33,Kolkata,Flat,CSK,1,161
59,2,5.9,20,Mumbai,Turning,MI,1,132
74,2,7.4,45,Chennai,Green,MI,0,166
78,3,7.8,63,Kolkata,Turning,MI,1,184
46,3,4.6,46,Delhi,Turning,MI,1,126
46,5,4.6,64,Delhi,Flat,DC,1,162
73,0,7.3,60,Chennai,Flat,MI,1,214
68,4,6.8,40,Mumbai,Turning,DC,1,132
81,2,8.1,56,Bangalore,Flat,CSK,1,233
70,0,7.0,55,Delhi,Green,MI,0,186
106,0,10.6,27,Mumbai,Flat,KKR,0,204
53,1,5.3,47,Kolkata,Turning,KKR,0,144
50,5,5.0,52,Mumbai,Green,DC,1,120
46,1,4.6,41,Bangalore,Green,RCB,1,144
52,3,5.2,44,Mumbai,Turning,SRH,0,119
68,5,6.8,32,Bangalore,Slow,CSK,1,122
76,4,7.6,53,Bangalore,Green,MI,1,162
59,5,5.9,24,Delhi,Flat,SRH,0,136
86,2,8.6,22,Mumbai,Flat,DC,0,159
93,0,9.3,56,Chennai,Slow,SRH,0,217
73,6,7.3,60,Chennai,Flat,CSK,1,200
94,2,9.4,63,Kolkata,Slow,KKR,0,217
107,4,10.7,36,Bangalore,Slow,KKR,0,182
91,1,9.1,29,Bangalore,Green,KKR,1,189
65,2,6.5,21,Delhi,Turning,MI,0,119
97,5,9.7,54,Mumbai,Slow,MI,1,186
96,3,9.6,46,Delhi,Slow,KKR,1,190
91,2,9.1,40,Delhi,Green,DC,0,162
72,5,7.2,32,Kolkata,Green,DC,1,139
104,4,10.4,46,Bangalore,Turning,MI,1,179
105,0,10.5,54,Delhi,Turning,SRH,1,199
70,1,7.0,41,Kolkata,Green,DC,1,174
100,1,10.0,48,Chennai,Green,KKR,0,189
64,5,6.4,45,Kolkata,Green,MI,1,136
104,1,10.4,28,Delhi,Turning,SRH,0,173
57,6,5.7,24,Chennai,Flat,CSK,0,113
56,2,5.6,42,Mumbai,Green,MI,1,162
53,2,5.3,59,Bangalore,Slow,KKR,1,183
67,2,6.7,39,Chennai,Green,MI,0,145
60,4,6.0,59,Delhi,Green,SRH,1,163
80,5,8.0,35,Chennai,Green,KKR,0,144
50,1,5.0,44,Delhi,Slow,KKR,0,158
47,4,4.7,64,Bangalore,Slow,SRH,0,153
47,3,4.7,62,Kolkata,Turning,RCB,0,166
92,0,9.2,31,Mumbai,Turning,DC,1,188
64,0,6.4,62,Mumbai,Turning,RCB,0,188
108,0,10.8,59,Kolkata,Slow,MI,1,250
77,1,7.7,52,Bangalore,Flat,KKR,1,235
66,0,6.6,61,Mumbai,Turning,RCB,1,196
88,0,8.8,37,Delhi,Flat,RCB,0,205
46,5,4.6,56,Chennai,Turning,KKR,0,136
105,3,10.5,44,Chennai,Turning,DC,1,174
91,6,9.1,52,Delhi,Slow,DC,1,161
89,5,8.9,36,Kolkata,Green,KKR,1,146
55,3,5.5,62,Chennai,Turning,SRH,0,132
61,6,6.1,26,Mumbai,Flat,MI,1,128
64,4,6.4,35,Chennai,Flat,CSK,0,160
88,6,8.8,59,Chennai,Green,SRH,1,173
87,6,8.7,62,Chennai,Flat,CSK,0,189
55,1,5.5,25,Chennai,Flat,KKR,0,142
51,5,5.1,25,Delhi,Turning,DC,0,88
70,5,7.0,51,Kolkata,Green,KKR,1,161
52,3,5.2,31,Kolkata,Flat,CSK,0,134
78,1,7.8,54,Kolkata,Green,DC,0,187
54,1,5.4,31,Bangalore,Green,MI,1,148
82,4,8.2,46,Kolkata,Turning,MI,1,155
89,5,8.9,35,Kolkata,Flat,DC,1,171
65,0,6.5,23,Chennai,Slow,RCB,0,150
100,0,10.0,63,Delhi,Flat,DC,0,246
91,5,9.1,63,Kolkata,Flat,SRH,1,223
85,3,8.5,42,Delhi,Turning,KKR,1,174
107,2,10.7,54,Mumbai,Green,SRH,0,192
90,3,9.0,49,Delhi,Turning,KKR,1,191
104,3,10.4,29,Mumbai,Slow,KKR,0,186
62,6,6.2,40,Delhi,Green,KKR,1,111
100,6,10.0,62,Mumbai,Green,SRH,0,176
57,0,5.7,45,Delhi,Green,RCB,1,162
47,3,4.7,45,Mumbai,Turning,SRH,1,120
69,3,6.9,58,Delhi,Slow,KKR,0,174
52,2,5.2,26,Chennai,Turning,DC,1,113
82,1,8.2,35,Kolkata,Slow,MI,1,175
46,2,4.6,60,Mumbai,Turning,DC,1,160
99,4,9.9,27,Kolkata,Green,SRH,1,147
92,6,9.2,64,Mumbai,Turning,SRH,1,167
47,3,4.7,43,Delhi,Green,MI,1,142
74,6,7.4,40,Delhi,Turning,SRH,1,131
87,5,8.7,32,Mumbai,Turning,DC,0,142
75,6,7.5,35,Delhi,Slow,CSK,1,136
57,3,5.7,29,Kolkata,Turning,CSK,1,114
79,0,7.9,48,Delhi,Green,RCB,0,187
52,3,5.2,35,Mumbai,Flat,RCB,1,178
106,4,10.6,29,Bangalore,Turning,KKR,1,172
70,6,7.0,61,Mumbai,Flat,RCB,0,204
69,4,6.9,52,Bangalore,Green,KKR,1,173
46,2,4.6,36,Mumbai,Green,RCB,0,118
98,0,9.8,43,Delhi,Green,KKR,1,204
65,4,6.5,48,Bangalore,Flat,RCB,1,186
70,5,7.0,58,Delhi,Turning,MI,0,150
47,0,4.7,23,Bangalore,Slow,RCB,0,132
93,4,9.3,21,Delhi,Turning,KKR,0,129
49,5,4.9,38,Bangalore,Flat,SRH,0,149
61,3,6.1,24,Chennai,Green,MI,0,116
65,5,6.5,35,Chennai,Turning,RCB,1,114
97,2,9.7,24,Delhi,Slow,SRH,0,160
98,5,9.8,45,Mumbai,Flat,MI,1,199
59,6,5.9,36,Mumbai,Green,CSK,0,98
73,3,7.3,22,Chennai,Green,MI,0,140
62,4,6.2,40,Bangalore,Slow,DC,1,129
110,6,11.0,38,Delhi,Flat,DC,1,199
53,0,5.3,32,Kolkata,Flat,MI,0,171
107,0,10.7,42,Chennai,Turning,SRH,0,188
72,1,7.2,54,Chennai,Turning,RCB,1,183
94,1,9.4,32,Kolkata,Turning,RCB,0,168
78,3,7.8,27,Bangalore,Slow,CSK,1,154
110,6,11.0,45,Mumbai,Green,CSK,0,172
58,5,5.8,33,Mumbai,Turning,DC,0,120
83,2,8.3,49,Chennai,Green,SRH,1,165
110,0,11.0,39,Chennai,Green,MI,1,198
108,5,10.8,44,Bangalore,Slow,KKR,0,202
107,3,10.7,55,Kolkata,Turning,DC,0,180
58,0,5.8,21,Kolkata,Flat,CSK,1,173
45,2,4.5,48,Delhi,Green,CSK,0,131
72,5,7.2,32,Delhi,Turning,CSK,1,122
47,2,4.7,22,Chennai,Turning,MI,1,104
71,0,7.1,60,Chennai,Slow,MI,0,183
56,5,5.6,35,Delhi,Turning,RCB,0,124
106,0,10.6,64,Mumbai,Green,CSK,1,243
93,0,9.3,22,Delhi,Slow,KKR,1,165
46,4,4.6,22,Chennai,Turning,DC,1,94
106,1,10.6,37,Chennai,Turning,MI,0,191
102,6,10.2,20,Chennai,Slow,SRH,1,146
74,5,7.4,23,Bangalore,Turning,CSK,1,118
105,4,10.5,30,Bangalore,Turning,DC,0,154
89,3,8.9,31,Kolkata,Slow,RCB,1,166
82,1,8.2,63,Delhi,Slow,RCB,1,205
77,1,7.7,41,Bangalore,Slow,KKR,0,190
50,2,5.0,52,Mumbai,Turning,SRH,0,153
62,6,6.2,33,Delhi,Flat,KKR,0,143
50,4,5.0,26,Kolkata,Flat,RCB,0,147
74,5,7.4,65,Bangalore,Slow,CSK,1,192
92,4,9.2,45,Kolkata,Slow,MI,1,188
97,5,9.7,26,Mumbai,Slow,MI,0,160
45,6,4.5,52,Chennai,Slow,MI,0,130
84,1,8.4,45,Bangalore,Green,SRH,0,194
69,0,6.9,21,Chennai,Turning,CSK,0,118
54,0,5.4,36,Delhi,Flat,KKR,1,185
96,0,9.6,64,Kolkata,Turning,RCB,1,224
71,2,7.1,47,Kolkata,Slow,DC,0,169
107,0,10.7,51,Bangalore,Turning,CSK,1,225
105,6,10.5,44,Kolkata,Flat,KKR,1,218
107,0,10.7,44,Chennai,Slow,CSK,1,203
56,0,5.6,35,Chennai,Slow,KKR,1,143
105,0,10.5,40,Bangalore,Slow,MI,1,205
46,5,4.6,28,Kolkata,Flat,SRH,1,111
109,1,10.9,49,Bangalore,Slow,SRH,0,208
60,5,6.0,53,Delhi,Green,KKR,1,159
65,0,6.5,38,Kolkata,Turning,KKR,0,157
64,6,6.4,24,Mumbai,Slow,KKR,0,95
94,6,9.4,61,Mumbai,Slow,CSK,1,180
73,2,7.3,63,Kolkata,Slow,MI,1,207
59,0,5.9,30,Mumbai,Green,DC,0,138
108,2,10.8,64,Delhi,Flat,DC,1,258
58,3,5.8,50,Chennai,Turning,KKR,1,131
53,0,5.3,36,Bangalore,Slow,KKR,0,167
62,0,6.2,21,Mumbai,Flat,SRH,0,166
70,3,7.0,62,Kolkata,Turning,SRH,1,169
53,6,5.3,62,Mumbai,Slow,CSK,0,137
70,1,7.0,39,Mumbai,Slow,CSK,1,153
110,6,11.0,20,Chennai,Turning,SRH,0,123
62,2,6.2,35,Delhi,Green,MI,1,146
106,1,10.6,26,Mumbai,Slow,SRH,0,168
61,6,6.1,52,Mumbai,Flat,KKR,0,171
66,1,6.6,60,Delhi,Turning,MI,1,181
52,6,5.2,47,Chennai,Turning,KKR,0,102
92,3,9.2,48,Kolkata,Green,DC,0,174
110,3,11.0,61,Mumbai,Green,SRH,1,217
54,3,5.4,58,Chennai,Slow,CSK,0,160
63,6,6.3,61,Chennai,Turning,RCB,1,146
104,5,10.4,41,Bangalore,Turning,RCB,1,183
107,3,10.7,64,Kolkata,Green,KKR,1,206
107,2,10.7,54,Kolkata,Flat,RCB,1,263
79,6,7.9,38,Kolkata,Green,RCB,1,160
75,4,7.5,32,Bangalore,Turning,MI,1,144
97,2,9.7,36,Kolkata,Slow,DC,0,184
62,6,6.2,64,Bangalore,Green,DC,1,165
86,1,8.6,49,Kolkata,Green,CSK,1,192
76,1,7.6,58,Bangalore,Green,DC,1,190
76,3,7.6,50,Bangalore,Slow,SRH,1,165
77,4,7.7,24,Bangalore,Flat,KKR,1,152
53,1,5.3,36,Delhi,Slow,SRH,1,143
98,1,9.8,37,Chennai,Slow,DC,1,189
58,3,5.8,47,Delhi,Turning,CSK,0,126
60,2,6.0,23,Chennai,Flat,RCB,0,156
79,1,7.9,26,Delhi,Green,CSK,0,132
59,2,5.9,59,Bangalore,Turning,KKR,0,159
73,4,7.3,58,Kolkata,Turning,SRH,1,172
75,1,7.5,21,Kolkata,Turning,MI,0,145
94,1,9.4,54,Kolkata,Flat,MI,0,235
79,6,7.9,51,Chennai,Flat,MI,1,178
75,3,7.5,59,Mumbai,Green,MI,1,174
45,1,4.5,62,Bangalore,Slow,SRH,1,172
72,1,7.2,26,Chennai,Slow,DC,1,144
64,5,6.4,44,Kolkata,Slow,CSK,1,131
107,3,10.7,53,Bangalore,Turning,CSK,1,204
94,6,9.4,48,Kolkata,Green,RCB,0,176
54,4,5.4,64,Delhi,Green,KKR,0,147
85,2,8.5,45,Bangalore,Green,DC,1,194
74,3,7.4,58,Delhi,Flat,DC,0,205
53,3,5.3,65,Chennai,Slow,SRH,1,160
93,0,9.3,51,Delhi,Slow,KKR,0,205
77,2,7.7,34,Bangalore,Turning,RCB,1,154
66,1,6.6,57,Kolkata,Green,CSK,1,174
51,6,5.1,34,Chennai,Green,CSK,0,88
55,4,5.5,36,Delhi,Green,RCB,0,140
100,2,10.0,31,Mumbai,Slow,RCB,0,187
53,1,5.3,25,Kolkata,Flat,SRH,0,140
105,3,10.5,30,Mumbai,Flat,MI,0,190
57,2,5.7,31,Kolkata,Flat,KKR,1,170
67,1,6.7,54,Mumbai,Green,CSK,1,191
66,6,6.6,37,Kolkata,Flat,SRH,0,142
62,1,6.2,23,Delhi,Green,MI,0,143
92,4,9.2,37,Delhi,Green,KKR,0,166
59,5,5.9,35,Mumbai,Flat,CSK,1,141
45,2,4.5,49,Kolkata,Slow,DC,1,146
96,4,9.6,49,Kolkata,Turning,SRH,1,181
77,4,7.7,46,Mumbai,Slow,MI,0,156
54,4,5.4,43,Bangalore,Flat,SRH,1,161
93,2,9.3,43,Chennai,Turning,KKR,0,180
47,1,4.7,47,Mumbai,Slow,SRH,0,153
83,3,8.3,35,Mumbai,Flat,MI,1,186
107,3,10.7,49,Delhi,Turning,MI,1,187
98,0,9.8,35,Mumbai,Flat,RCB,1,217
89,3,8.9,44,Delhi,Flat,SRH,1,197
110,4,11.0,50,Chennai,Slow,CSK,1,192
69,2,6.9,52,Mumbai,Flat,CSK,0,205
79,0,7.9,21,Kolkata,Green,DC,1,134
102,3,10.2,41,Kolkata,Slow,RCB,1,190
92,0,9.2,53,Kolkata,Flat,KKR,1,236
110,0,11.0,62,Kolkata,Flat,MI,1,264
101,5,10.1,60,Bangalore,Green,MI,0,186
94,2,9.4,45,Mumbai,Flat,CSK,1,203
62,1,6.2,46,Kolkata,Green,KKR,0,156
77,1,7.7,20,Chennai,Green,CSK,1,146
106,6,10.6,24,Mumbai,Slow,MI,1,147
55,5,5.5,49,Bangalore,Turning,KKR,1,140
87,5,8.7,62,Bangalore,Green,DC,1,197
76,1,7.6,21,Delhi,Slow,RCB,1,172
110,2,11.0,51,Delhi,Flat,SRH,1,247
77,0,7.7,29,Kolkata,Green,MI,0,157
64,0,6.4,64,Kolkata,Turning,KKR,1,187
87,2,8.7,25,Mumbai,Green,SRH,1,168
53,6,5.3,40,Chennai,Slow,KKR,1,107
98,3,9.8,21,Bangalore,Turning,CSK,1,144
107,3,10.7,45,Kolkata,Green,KKR,1,206
75,2,7.5,35,Kolkata,Green,RCB,0,161
86,4,8.6,44,Chennai,Flat,CSK,0,195
46,1,4.6,54,Delhi,Slow,CSK,0,141
45,3,4.5,31,Chennai,Green,RCB,1,125
90,5,9.0,56,Chennai,Flat,MI,1,204
57,0,5.7,57,Chennai,Flat,SRH,0,206
69,6,6.9,30,Delhi,Slow,CSK,1,125
82,4,8.2,53,Chennai,Turning,MI,0,162
78,1,7.8,61,Kolkata,Flat,KKR,0,230
81,0,8.1,45,Bangalore,Green,DC,1,198
102,2,10.2,52,Bangalore,Turning,DC,1,200
75,6,7.5,39,Bangalore,Green,MI,1,134
64,0,6.4,25,Chennai,Flat,MI,0,167
61,1,6.1,24,Bangalore,Turning,DC,1,133
75,5,7.5,50,Delhi,Slow,CSK,1,174
71,3,7.1,61,Chennai,Turning,MI,1,165
89,0,8.9,23,Chennai,Turning,KKR,0,164
108,3,10.8,62,Delhi,Turning,KKR,0,220
86,5,8.6,65,Delhi,Turning,SRH,0,158
66,2,6.6,46,Chennai,Slow,RCB,0,151
62,1,6.2,52,Kolkata,Slow,RCB,0,185
68,3,6.8,22,Chennai,Turning,DC,1,124
92,2,9.2,20,Chennai,Slow,SRH,0,136
63,2,6.3,63,Kolkata,Turning,SRH,1,183
70,3,7.0,22,Delhi,Turning,SRH,1,105
81,2,8.1,21,Delhi,Flat,KKR,1,188
104,4,10.4,56,Mumbai,Turning,SRH,0,187
78,2,7.8,61,Chennai,Green,DC,1,183
78,0,7.8,53,Mumbai,Flat,MI,1,221
95,0,9.5,47,Chennai,Flat,RCB,1,222
109,6,10.9,60,Bangalore,Flat,KKR,0,231
81,6,8.1,27,Mumbai,Slow,SRH,1,121
70,0,7.0,63,Delhi,Flat,RCB,0,247
106,0,10.6,26,Mumbai,Turning,MI,1,193
77,3,7.7,30,Delhi,Green,DC,0,133
57,6,5.7,38,Bangalore,Flat,CSK,0,157
60,6,6.0,20,Mumbai,Flat,RCB,0,120
102,2,10.2,27,Kolkata,Slow,SRH,0,167
80,6,8.0,25,Bangalore,Flat,RCB,0,158
69,4,6.9,36,Chennai,Flat,CSK,0,147
88,1,8.8,53,Kolkata,Green,KKR,1,183
88,6,8.8,44,Delhi,Flat,SRH,1,173
66,1,6.6,59,Delhi,Flat,DC,0,217
108,4,10.8,49,Delhi,Turning,DC,1,178
50,0,5.0,48,Mumbai,Flat,SRH,1,173
92,5,9.2,41,Delhi,Flat,RCB,1,187
62,6,6.2,26,Kolkata,Flat,SRH,0,127
108,4,10.8,55,Bangalore,Flat,SRH,0,238
85,1,8.5,39,Kolkata,Slow,RCB,0,195
58,0,5.8,39,Mumbai,Turning,KKR,0,142
88,6,8.8,46,Chennai,Turning,CSK,1,142
83,3,8.3,21,Chennai,Turning,RCB,0,141
56,6,5.6,28,Kolkata,Flat,RCB,0,123
78,6,7.8,41,Bangalore,Flat,MI,0,178
55,1,5.5,23,Bangalore,Turning,SRH,0,127
83,4,8.3,62,Bangalore,Flat,KKR,0,212
98,0,9.8,62,Bangalore,Turning,DC,0,207
53,0,5.3,57,Chennai,Flat,KKR,0,196
91,3,9.1,54,Chennai,Turning,MI,0,166
87,1,8.7,31,Kolkata,Flat,DC,0,189
72,5,7.2,65,Mumbai,Green,DC,0,166
45,5,4.5,53,Bangalore,Green,KKR,0,118
100,1,10.0,59,Delhi,Green,SRH,1,210
62,3,6.2,57,Delhi,Turning,RCB,0,167
60,5,6.0,46,Bangalore,Slow,CSK,0,137
69,5,6.9,36,Mumbai,Green,DC,0,142
76,1,7.6,65,Chennai,Green,MI,0,204
54,5,5.4,45,Mumbai,Green,RCB,0,138
45,5,4.5,33,Chennai,Flat,KKR,0,122
71,3,7.1,29,Mumbai,Flat,RCB,1,176
93,5,9.3,53,Bangalore,Slow,DC,0,193
63,1,6.3,44,Bangalore,Green,DC,0,158
107,2,10.7,47,Chennai,Turning,CSK,1,191
65,0,6.5,23,Delhi,Turning,MI,1,128
81,1,8.1,38,Bangalore,Green,KKR,0,172
53,4,5.3,49,Bangalore,Turning,DC,0,131
70,5,7.0,37,Delhi,Slow,RCB,0,143
73,3,7.3,28,Chennai,Green,DC,1,129
73,4,7.3,52,Mumbai,Flat,RCB,1,205
77,5,7.7,26,Bangalore,Turning,DC,1,110
53,4,5.3,26,Mumbai,Turning,RCB,0,119
68,5,6.8,51,Kolkata,Flat,MI,0,173
98,4,9.8,41,Chennai,Slow,MI,0,162
84,5,8.4,47,Bangalore,Turning,SRH,0,158
96,5,9.6,58,Kolkata,Turning,CSK,1,180
70,1,7.0,40,Chennai,Turning,RCB,1,171
75,4,7.5,41,Delhi,Green,KKR,0,154
54,0,5.4,56,Mumbai,Green,KKR,0,163
104,3,10.4,54,Chennai,Flat,DC,1,233
62,1,6.2,33,Mumbai,Turning,CSK,0,129
46,4,4.6,46,Chennai,Turning,DC,1,130
71,0,7.1,41,Mumbai,Flat,CSK,1,212
75,0,7.5,50,Bangalore,Green,DC,0,198
107,6,10.7,33,Delhi,Turning,CSK,0,150
74,4,7.4,37,Chennai,Slow,DC,1,157
90,6,9.0,48,Kolkata,Green,CSK,0,160
47,5,4.7,37,Mumbai,Green,MI,0,121
50,5,5.0,31,Mumbai,Green,MI,0,102
103,0,10.3,62,Delhi,Green,SRH,0,208
60,5,6.0,33,Bangalore,Turning,DC,1,106
53,6,5.3,30,Delhi,Slow,CSK,0,97
49,4,4.9,31,Delhi,Flat,CSK,0,126
54,1,5.4,46,Chennai,Slow,MI,0,147
87,3,8.7,30,Kolkata,Green,KKR,1,145
101,2,10.1,40,Bangalore,Green,DC,0,176
96,2,9.6,44,Kolkata,Slow,CSK,0,195
61,0,6.1,34,Kolkata,Flat,SRH,1,174
62,0,6.2,53,Mumbai,Green,MI,0,192
51,4,5.1,58,Kolkata,Flat,MI,0,171
56,2,5.6,36,Bangalore,Green,MI,0,139
107,6,10.7,33,Mumbai,Green,DC,0,156
63,4,6.3,48,Chennai,Slow,DC,0,150
86,3,8.6,30,Bangalore,Turning,CSK,0,156
46,6,4.6,21,Chennai,Flat,CSK,1,99
55,0,5.5,64,Mumbai,Slow,CSK,1,201
92,0,9.2,60,Kolkata,Flat,DC,0,234
85,3,8.5,63,Chennai,Turning,RCB,1,185
55,4,5.5,29,Kolkata,Slow,RCB,1,128
54,1,5.4,31,Bangalore,Flat,RCB,1,178
50,4,5.0,47,Delhi,Flat,CSK,0,142
78,1,7.8,44,Bangalore,Turning,CSK,1,182
80,4,8.0,29,Delhi,Slow,SRH,0,129
97,1,9.7,37,Kolkata,Green,RCB,1,199
51,2,5.1,39,Mumbai,Slow,DC,0,138
50,5,5.0,50,Chennai,Slow,MI,0,129
103,4,10.3,42,Chennai,Green,MI,0,161
79,6,7.9,23,Chennai,Slow,RCB,0,137
45,2,4.5,60,Bangalore,Green,SRH,1,159
76,4,7.6,32,Delhi,Green,SRH,0,129
79,1,7.9,29,Chennai,Green,DC,1,155
82,5,8.2,30,Kolkata,Turning,KKR,1,123
47,1,4.7,46,Mumbai,Turning,DC,1,133
58,2,5.8,36,Chennai,Slow,CSK,1,133
94,1,9.4,42,Bangalore,Turning,CSK,0,180
74,5,7.4,63,Bangalore,Turning,SRH,0,158
69,6,6.9,21,Chennai,Slow,KKR,1,108
80,6,8.0,38,Kolkata,Flat,MI,0,163
75,4,7.5,64,Kolkata,Green,RCB,1,196
62,3,6.2,59,Chennai,Turning,CSK,1,163
52,6,5.2,38,Mumbai,Green,MI,0,122
90,1,9.0,53,Bangalore,Turning,DC,0,189
73,6,7.3,29,Chennai,Flat,CSK,1,147
104,5,10.4,27,Kolkata,Flat,SRH,0,168
56,5,5.6,63,Mumbai,Slow,MI,0,157
86,1,8.6,22,Delhi,Flat,DC,0,193
55,6,5.5,59,Kolkata,Slow,RCB,1,142
104,4,10.4,46,Kolkata,Flat,CSK,0,200
48,6,4.8,21,Kolkata,Flat,RCB,1,111
61,6,6.1,58,Kolkata,Flat,MI,1,174
105,5,10.5,64,Delhi,Turning,DC,1,208
60,5,6.0,46,Chennai,Green,KKR,1,138
89,1,8.9,23,Chennai,Turning,SRH,0,152
60,6,6.0,53,Kolkata,Turning,CSK,1,124
74,3,7.4,53,Delhi,Turning,CSK,0,169
97,1,9.7,30,Mumbai,Green,SRH,0,158
75,3,7.5,37,Bangalore,Turning,KKR,0,135
77,0,7.7,64,Bangalore,Green,SRH,1,223
50,6,5.0,43,Chennai,Turning,MI,1,125
95,3,9.5,47,Chennai,Flat,CSK,0,202
47,0,4.7,32,Chennai,Green,RCB,1,137
56,6,5.6,21,Delhi,Green,DC,1,78
86,5,8.6,33,Chennai,Green,MI,1,158
88,2,8.8,23,Delhi,Green,KKR,0,149
107,3,10.7,55,Mumbai,Green,SRH,1,200
50,0,5.0,35,Bangalore,Flat,SRH,1,182
69,2,6.9,39,Mumbai,Slow,DC,0,152
50,1,5.0,34,Bangalore,Flat,CSK,0,169
92,3,9.2,64,Chennai,Flat,SRH,1,229
53,6,5.3,38,Bangalore,Green,CSK,1,109
66,3,6.6,58,Kolkata,Slow,SRH,1,182
82,6,8.2,55,Kolkata,Slow,CSK,1,155
91,4,9.1,44,Kolkata,Green,MI,1,176
58,2,5.8,21,Kolkata,Turning,SRH,0,120
67,1,6.7,26,Mumbai,Green,RCB,0,156
100,3,10.0,56,Kolkata,Flat,KKR,0,229
105,1,10.5,45,Chennai,Slow,KKR,0,207
101,1,10.1,33,Bangalore,Green,SRH,0,176
91,5,9.1,35,Kolkata,Green,DC,0,155
81,6,8.1,20,Bangalore,Slow,DC,0,109
100,2,10.0,21,Kolkata,Green,KKR,1,164
63,3,6.3,62,Bangalore,Flat,SRH,1,207
93,2,9.3,46,Chennai,Green,CSK,1,192
99,0,9.9,63,Mumbai,Green,SRH,1,229
88,6,8.8,27,Bangalore,Green,RCB,1,149
64,1,6.4,57,Bangalore,Turning,DC,0,183
48,6,4.8,30,Delhi,Green,CSK,0,97
110,3,11.0,58,Delhi,Slow,CSK,0,200
94,4,9.4,32,Chennai,Flat,DC,0,188
87,6,8.7,21,Chennai,Flat,KKR,0,152
80,0,8.0,38,Kolkata,Flat,DC,1,188
103,3,10.3,31,Kolkata,Green,SRH,1,172
97,5,9.7,29,Chennai,Turning,MI,1,139
47,3,4.7,48,Delhi,Turning,KKR,0,115
102,1,10.2,45,Delhi,Green,SRH,0,188
47,4,4.7,25,Delhi,Slow,KKR,0,94
53,6,5.3,36,Chennai,Slow,SRH,1,95
69,1,6.9,32,Delhi,Green,CSK,0,160
85,2,8.5,65,Mumbai,Green,RCB,1,203
104,4,10.4,25,Delhi,Flat,MI,0,194
58,0,5.8,58,Mumbai,Flat,KKR,0,201
99,1,9.9,52,Bangalore,Green,KKR,1,216
89,3,8.9,27,Mumbai,Green,KKR,0,165
82,2,8.2,36,Kolkata,Flat,DC,0,197
86,0,8.6,29,Delhi,Turning,SRH,0,168
57,3,5.7,37,Bangalore,Flat,MI,1,163
77,6,7.7,26,Delhi,Slow,SRH,0,132
63,3,6.3,51,Kolkata,Green,MI,0,140
65,5,6.5,25,Delhi,Green,CSK,0,100
98,1,9.8,56,Kolkata,Turning,DC,1,213
101,1,10.1,47,Mumbai,Green,CSK,0,201
85,3,8.5,21,Bangalore,Green,SRH,1,157
47,3,4.7,64,Kolkata,Slow,KKR,0,158
106,5,10.6,23,Delhi,Slow,MI,1,162
63,6,6.3,20,Bangalore,Flat,KKR,0,118
66,1,6.6,34,Bangalore,Turning,DC,0,130
95,5,9.5,62,Bangalore,Flat,RCB,1,250
58,5,5.8,36,Delhi,Green,DC,0,115
67,0,6.7,56,Mumbai,Turning,SRH,1,179
50,4,5.0,57,Kolkata,Turning,MI,1,148
81,6,8.1,54,Chennai,Green,MI,0,168
87,6,8.7,22,Kolkata,Green,DC,1,130
77,4,7.7,38,Mumbai,Turning,SRH,1,155
110,4,11.0,60,Chennai,Flat,RCB,1,244
109,3,10.9,22,Delhi,Flat,RCB,0,192
96,3,9.6,44,Delhi,Green,SRH,0,158
102,2,10.2,44,Chennai,Flat,DC,1,217
108,3,10.8,54,Mumbai,Slow,SRH,1,218
64,6,6.4,28,Bangalore,Green,KKR,0,122
85,5,8.5,53,Chennai,Slow,DC,0,170
75,2,7.5,23,Bangalore,Flat,DC,1,181
94,3,9.4,59,Bangalore,Slow,SRH,0,186
60,1,6.0,37,Kolkata,Green,DC,1,157
92,2,9.2,36,Mumbai,Slow,KKR,1,173
62,2,6.2,59,Bangalore,Green,DC,0,176
62,5,6.2,54,Kolkata,Turning,KKR,0,151
69,4,6.9,56,Chennai,Turning,KKR,0,145
55,5,5.5,63,Bangalore,Green,SRH,1,163
106,1,10.6,41,Delhi,Green,SRH,0,188
73,6,7.3,64,Mumbai,Turning,SRH,1,149
73,6,7.3,52,Chennai,Slow,RCB,1,146
107,4,10.7,36,Delhi,Turning,CSK,1,179
107,6,10.7,63,Bangalore,Turning,MI,0,189
84,5,8.4,59,Chennai,Flat,CSK,1,206
106,1,10.6,23,Mumbai,Turning,SRH,0,158
49,0,4.9,43,Mumbai,Slow,RCB,0,157
82,3,8.2,26,Bangalore,Turning,MI,0,134
67,2,6.7,59,Mumbai,Slow,KKR,0,174
99,3,9.9,40,Chennai,Flat,SRH,1,217
64,5,6.4,61,Chennai,Turning,CSK,0,154
90,1,9.0,49,Delhi,Flat,DC,1,224
52,4,5.2,28,Delhi,Flat,RCB,1,138
75,6,7.5,52,Kolkata,Turning,KKR,0,156
62,2,6.2,55,Delhi,Slow,CSK,1,184
109,3,10.9,48,Kolkata,Slow,RCB,1,224
66,1,6.6,51,Bangalore,Turning,DC,1,172
88,5,8.8,57,Delhi,Turning,RCB,1,172
109,1,10.9,39,Kolkata,Flat,CSK,1,222
48,1,4.8,20,Chennai,Flat,MI,1,140
74,4,7.4,61,Mumbai,Flat,MI,0,212
59,6,5.9,40,Bangalore,Flat,MI,0,150
88,3,8.8,22,Kolkata,Green,DC,1,143
68,5,6.8,26,Bangalore,Turning,RCB,1,124
107,1,10.7,51,Mumbai,Slow,KKR,1,231
82,5,8.2,46,Mumbai,Flat,MI,1,206
110,5,11.0,65,Mumbai,Turning,RCB,0,227
53,4,5.3,33,Mumbai,Flat,DC,0,134
53,1,5.3,32,Kolkata,Green,DC,0,131
84,4,8.4,25,Chennai,Slow,DC,0,146
56,4,5.6,35,Delhi,Turning,KKR,0,106
104,2,10.4,21,Kolkata,Green,KKR,1,167
56,5,5.6,49,Mumbai,Green,RCB,1,146
86,2,8.6,43,Kolkata,Turning,KKR,0,164
64,6,6.4,56,Chennai,Turning,MI,0,138
103,3,10.3,62,Kolkata,Green,DC,0,200
51,4,5.1,31,Delhi,Flat,DC,1,131
53,3,5.3,63,Mumbai,Green,KKR,0,176
68,6,6.8,21,Bangalore,Green,MI,0,112
72,5,7.2,46,Mumbai,Flat,DC,1,188
86,5,8.6,57,Chennai,Turning,MI,0,158
66,2,6.6,61,Bangalore,Green,SRH,0,171
84,2,8.4,46,Chennai,Slow,DC,1,185
108,1,10.8,30,Delhi,Turning,MI,0,184
87,2,8.7,36,Kolkata,Slow,SRH,0,154
102,4,10.2,57,Delhi,Flat,MI,0,226
53,1,5.3,23,Bangalore,Green,DC,1,135
108,5,10.8,27,Mumbai,Slow,DC,1,154
76,1,7.6,29,Chennai,Flat,MI,1,181
51,4,5.1,32,Mumbai,Flat,CSK,1,155
107,4,10.7,63,Delhi,Slow,RCB,0,227
92,5,9.2,52,Bangalore,Green,MI,1,199
52,6,5.2,22,Mumbai,Flat,RCB,1,124
94,5,9.4,25,Kolkata,Turning,CSK,1,122
89,6,8.9,30,Mumbai,Flat,CSK,0,170
66,6,6.6,57,Bangalore,Flat,CSK,1,175
106,2,10.6,61,Kolkata,Green,CSK,0,226
45,4,4.5,46,Delhi,Flat,MI,1,148
59,1,5.9,45,Chennai,Green,DC,0,135
71,1,7.1,27,Delhi,Slow,KKR,0,134
59,4,5.9,63,Chennai,Flat,CSK,1,185
58,1,5.8,31,Chennai,Flat,SRH,0,156
62,5,6.2,41,Kolkata,Slow,MI,0,148
72,0,7.2,38,Kolkata,Green,KKR,1,163
71,4,7.1,20,Mumbai,Slow,DC,1,134
58,1,5.8,38,Mumbai,Flat,CSK,1,164
95,5,9.5,53,Mumbai,Turning,CSK,1,165
64,4,6.4,38,Delhi,Green,CSK,0,136
91,2,9.1,44,Chennai,Flat,MI,1,201
108,6,10.8,21,Chennai,Green,KKR,0,128
80,1,8.0,47,Bangalore,Turning,SRH,1,175
84,6,8.4,28,Mumbai,Flat,RCB,0,180
64,0,6.4,29,Delhi,Flat,KKR,0,171
65,3,6.5,34,Kolkata,Slow,RCB,0,135
52,3,5.2,25,Delhi,Slow,SRH,0,108
74,1,7.4,28,Bangalore,Flat,RCB,1,187
65,6,6.5,63,Chennai,Green,DC,1,137
76,0,7.6,27,Chennai,Turning,KKR,1,153
102,2,10.2,47,Bangalore,Flat,RCB,1,244
89,2,8.9,38,Delhi,Green,MI,1,176
58,1,5.8,36,Delhi,Slow,CSK,0,130
52,6,5.2,27,Kolkata,Flat,CSK,0,105
97,4,9.7,34,Chennai,Slow,KKR,1,175
56,3,5.6,30,Delhi,Flat,SRH,0,146
57,6,5.7,62,Bangalore,Slow,CSK,0,155
48,6,4.8,26,Bangalore,Flat,KKR,0,115
110,0,11.0,46,Delhi,Flat,MI,0,244
74,2,7.4,25,Chennai,Turning,RCB,1,141
83,1,8.3,45,Mumbai,Flat,DC,0,192
47,4,4.7,47,Mumbai,Turning,SRH,1,124
99,5,9.9,47,Kolkata,Turning,KKR,0,158
60,4,6.0,20,Bangalore,Green,DC,0,110
96,1,9.6,48,Bangalore,Slow,KKR,1,221
64,0,6.4,42,Kolkata,Flat,SRH,0,196
62,5,6.2,50,Chennai,Flat,CSK,1,165
98,3,9.8,26,Bangalore,Turning,DC,0,162
53,6,5.3,27,Chennai,Slow,SRH,1,102
104,0,10.4,36,Chennai,Flat,DC,1,224
75,4,7.5,55,Chennai,Turning,SRH,0,147
76,5,7.6,65,Chennai,Turning,MI,0,160
109,0,10.9,57,Bangalore,Slow,KKR,1,246
73,5,7.3,24,Mumbai,Slow,SRH,1,131
60,6,6.0,46,Delhi,Turning,CSK,1,138
93,0,9.3,29,Mumbai,Slow,RCB,0,188
106,4,10.6,37,Mumbai,Green,MI,1,181
68,1,6.8,64,Kolkata,Turning,SRH,0,181
102,6,10.2,20,Chennai,Turning,MI,1,145
62,0,6.2,33,Delhi,Flat,SRH,1,189
66,0,6.6,25,Delhi,Flat,MI,0,178
78,0,7.8,54,Chennai,Green,RCB,1,212
63,0,6.3,25,Delhi,Flat,DC,1,184
110,0,11.0,24,Kolkata,Slow,RCB,1,202
62,1,6.2,27,Delhi,Turning,SRH,0,127
101,4,10.1,43,Delhi,Flat,SRH,0,187
48,2,4.8,54,Chennai,Slow,KKR,1,155
56,6,5.6,31,Mumbai,Slow,SRH,0,100
96,0,9.6,61,Chennai,Green,SRH,1,221
79,6,7.9,30,Kolkata,Slow,SRH,0,123
95,4,9.5,62,Delhi,Flat,RCB,0,235
90,1,9.0,65,Chennai,Turning,CSK,1,193
90,3,9.0,22,Delhi,Green,MI,1,145
73,2,7.3,44,Bangalore,Flat,KKR,1,191
82,5,8.2,22,Kolkata,Slow,DC,1,139
93,3,9.3,54,Mumbai,Turning,SRH,1,171
79,3,7.9,52,Bangalore,Green,CSK,1,164
64,4,6.4,41,Chennai,Slow,MI,0,154
90,4,9.0,35,Delhi,Turning,SRH,0,130
109,4,10.9,34,Bangalore,Slow,SRH,0,181
50,3,5.0,28,Bangalore,Slow,KKR,0,130
101,4,10.1,56,Chennai,Slow,CSK,0,178
83,0,8.3,33,Chennai,Green,RCB,0,183
71,5,7.1,46,Chennai,Green,MI,1,155
97,0,9.7,41,Mumbai,Green,CSK,1,193
110,0,11.0,45,Bangalore,Flat,MI,1,268
80,6,8.0,39,Delhi,Green,RCB,0,149
57,3,5.7,40,Chennai,Green,DC,1,124
48,6,4.8,56,Delhi,Slow,CSK,1,144
106,5,10.6,24,Kolkata,Green,DC,1,154
50,4,5.0,54,Chennai,Slow,KKR,0,128
79,0,7.9,48,Bangalore,Slow,SRH,0,199
73,6,7.3,40,Kolkata,Green,KKR,1,151
78,4,7.8,47,Kolkata,Green,DC,1,165
101,2,10.1,52,Delhi,Turning,DC,0,186
88,4,8.8,36,Bangalore,Flat,CSK,0,190
62,5,6.2,58,Mumbai,Flat,DC,1,180
76,5,7.6,44,Chennai,Turning,CSK,0,134
55,3,5.5,63,Chennai,Green,SRH,1,149
98,2,9.8,35,Delhi,Green,CSK,1,172
92,4,9.2,23,Delhi,Slow,CSK,0,128
83,6,8.3,28,Bangalore,Turning,MI,0,122
93,3,9.3,63,Bangalore,Slow,KKR,1,213
51,2,5.1,47,Bangalore,Green,CSK,1,145
99,6,9.9,43,Delhi,Slow,RCB,0,177
102,6,10.2,39,Bangalore,Green,MI,0,165
61,1,6.1,43,Bangalore,Slow,KKR,0,176
68,6,6.8,46,Bangalore,Turning,CSK,0,129
87,4,8.7,58,Bangalore,Green,CSK,0,190
99,1,9.9,31,Chennai,Green,MI,1,170
102,3,10.2,50,Delhi,Turning,KKR,0,196
85,4,8.5,24,Delhi,Flat,CSK,0,152
80,5,8.0,26,Chennai,Turning,SRH,1,120
94,0,9.4,20,Kolkata,Flat,CSK,1,197
95,3,9.5,65,Delhi,Green,MI,0,196
90,3,9.0,20,Bangalore,Slow,MI,1,168
78,6,7.8,30,Delhi,Flat,MI,0,170
66,0,6.6,33,Kolkata,Turning,MI,1,148
74,3,7.4,42,Kolkata,Slow,SRH,0,151
89,6,8.9,60,Mumbai,Turning,RCB,0,172
61,0,6.1,62,Kolkata,Green,SRH,1,196
77,2,7.7,37,Chennai,Flat,DC,1,176
84,5,8.4,43,Bangalore,Slow,RCB,0,182
70,6,7.0,24,Chennai,Green,MI,0,120
102,2,10.2,54,Kolkata,Slow,DC,0,202
101,6,10.1,45,Mumbai,Green,DC,1,175
66,3,6.6,30,Chennai,Green,SRH,1,132
66,6,6.6,24,Delhi,Turning,DC,0,100
52,6,5.2,24,Kolkata,Slow,MI,0,89
87,5,8.7,60,Mumbai,Flat,KKR,0,206
109,6,10.9,29,Bangalore,Green,RCB,0,179
84,0,8.4,22,Chennai,Flat,DC,1,182
105,4,10.5,38,Kolkata,Flat,KKR,1,197
80,2,8.0,36,Bangalore,Turning,RCB,1,156
71,6,7.1,54,Bangalore,Flat,KKR,0,182
58,0,5.8,61,Bangalore,Green,DC,0,170
103,4,10.3,52,Bangalore,Slow,SRH,1,203
110,6,11.0,29,Kolkata,Flat,RCB,1,195
62,6,6.2,50,Chennai,Turning,KKR,0,118
93,1,9.3,22,Chennai,Slow,DC,1,151
79,1,7.9,33,Kolkata,Green,SRH,1,148
75,1,7.5,56,Chennai,Green,CSK,1,168
95,6,9.5,30,Kolkata,Green,MI,0,149
72,1,7.2,29,Chennai,Flat,CSK,0,160
74,1,7.4,20,Chennai,Flat,DC,1,163
100,3,10.0,27,Chennai,Flat,SRH,1,193
94,0,9.4,20,Kolkata,Flat,RCB,0,195
94,6,9.4,25,Bangalore,Flat,DC,0,178
82,2,8.2,61,Mumbai,Flat,SRH,0,230
106,2,10.6,46,Kolkata,Green,MI,1,197
97,6,9.7,57,Bangalore,Flat,CSK,0,201
47,3,4.7,45,Mumbai,Flat,RCB,1,190
87,5,8.7,57,Delhi,Slow,CSK,1,166
50,3,5.0,47,Delhi,Slow,RCB,0,135
46,5,4.6,45,Bangalore,Turning,CSK,0,122
73,2,7.3,20,Delhi,Turning,CSK,1,131
79,6,7.9,59,Delhi,Flat,SRH,0,184
69,3,6.9,46,Kolkata,Green,RCB,0,157
96,1,9.6,44,Kolkata,Slow,CSK,0,193
100,4,10.0,55,Kolkata,Flat,KKR,1,234
54,2,5.4,21,Bangalore,Slow,MI,1,128
54,4,5.4,49,Delhi,Flat,DC,0,152
47,0,4.7,28,Delhi,Turning,KKR,0,118
46,2,4.6,25,Kolkata,Flat,SRH,1,152
62,0,6.2,49,Bangalore,Turning,SRH,1,184
60,3,6.0,51,Delhi,Turning,DC,0,148
62,3,6.2,38,Delhi,Green,CSK,0,135
63,2,6.3,25,Kolkata,Slow,MI,1,130
67,1,6.7,29,Kolkata,Slow,RCB,0,151
51,6,5.1,65,Bangalore,Turning,RCB,0,138
89,5,8.9,38,Bangalore,Slow,CSK,1,161
109,1,10.9,20,Kolkata,Green,MI,1,178
45,5,4.5,56,Chennai,Flat,CSK,1,151
88,3,8.8,37,Chennai,Slow,MI,0,175
62,2,6.2,50,Mumbai,Green,SRH,1,174
80,0,8.0,23,Chennai,Slow,SRH,0,139
78,5,7.8,48,Mumbai,Flat,MI,1,180
94,4,9.4,43,Chennai,Slow,CSK,0,177
89,4,8.9,61,Chennai,Flat,CSK,1,201
67,6,6.7,49,Chennai,Flat,RCB,0,169
55,5,5.5,22,Bangalore,Green,KKR,0,113
62,1,6.2,22,Chennai,Slow,CSK,1,134
85,5,8.5,20,Chennai,Slow,RCB,0,145
109,4,10.9,39,Kolkata,Turning,DC,1,165
63,6,6.3,56,Kolkata,Slow,KKR,0,159
97,2,9.7,28,Kolkata,Turning,RCB,1,179
59,3,5.9,25,Kolkata,Green,KKR,0,125
84,6,8.4,54,Chennai,Green,DC,0,139
78,2,7.8,22,Mumbai,Turning,SRH,1,127
68,0,6.8,49,Bangalore,Green,DC,1,180
77,4,7.7,35,Bangalore,Green,KKR,0,144
79,4,7.9,47,Chennai,Slow,KKR,0,163
73,5,7.3,36,Bangalore,Green,SRH,1,153
67,2,6.7,34,Delhi,Turning,KKR,0,139
51,2,5.1,41,Chennai,Slow,KKR,1,149
51,3,5.1,43,Delhi,Turning,RCB,0,130
95,1,9.5,33,Kolkata,Green,DC,0,174
49,4,4.9,41,Bangalore,Flat,CSK,1,163
84,5,8.4,21,Kolkata,Flat,MI,0,170
55,0,5.5,49,Kolkata,Slow,CSK,0,151
87,6,8.7,38,Delhi,Slow,CSK,0,135
48,3,4.8,65,Kolkata,Turning,MI,1,169
79,5,7.9,25,Mumbai,Flat,CSK,0,144
101,2,10.1,56,Bangalore,Flat,CSK,0,249
98,6,9.8,64,Chennai,Flat,RCB,0,216
72,6,7.2,31,Bangalore,Turning,KKR,1,110
101,2,10.1,22,Delhi,Flat,KKR,0,203
61,3,6.1,58,Kolkata,Flat,RCB,1,207
48,1,4.8,62,Chennai,Flat,CSK,1,188
72,2,7.2,20,Mumbai,Flat,CSK,1,160
61,0,6.1,33,Delhi,Flat,SRH,1,164
54,4,5.4,39,Kolkata,Flat,MI,1,172
67,4,6.7,42,Bangalore,Green,RCB,1,147
50,2,5.0,44,Chennai,Flat,CSK,1,181
107,4,10.7,56,Chennai,Flat,KKR,1,245
52,0,5.2,54,Delhi,Slow,KKR,1,161
75,3,7.5,52,Bangalore,Green,DC,0,175
69,4,6.9,38,Bangalore,Turning,MI,0,124
95,3,9.5,49,Delhi,Green,RCB,1,181
72,1,7.2,60,Bangalore,Flat,CSK,1,215
93,2,9.3,36,Mumbai,Slow,MI,1,173
103,4,10.3,36,Mumbai,Flat,DC,0,203
64,1,6.4,34,Bangalore,Turning,CSK,0,127
49,4,4.9,22,Delhi,Flat,RCB,0,119
97,4,9.7,36,Mumbai,Flat,MI,0,184
94,3,9.4,48,Mumbai,Green,SRH,0,173
87,3,8.7,41,Kolkata,Slow,RCB,0,163
66,4,6.6,57,Delhi,Turning,MI,1,147
74,6,7.4,35,Delhi,Green,CSK,0,122
92,2,9.2,53,Mumbai,Flat,RCB,1,235
48,5,4.8,58,Mumbai,Flat,KKR,0,156
89,6,8.9,30,Mumbai,Flat,MI,0,168
66,0,6.6,61,Kolkata,Green,CSK,1,203
60,4,6.0,56,Delhi,Flat,DC,1,186
57,3,5.7,26,Chennai,Slow,MI,1,119
55,5,5.5,57,Bangalore,Slow,DC,1,143
57,3,5.7,55,Kolkata,Flat,DC,0,187
88,1,8.8,50,Kolkata,Green,CSK,1,195
64,4,6.4,57,Delhi,Green,SRH,1,152
84,6,8.4,23,Chennai,Green,MI,1,114
45,0,4.5,31,Kolkata,Green,SRH,1,129
61,5,6.1,34,Mumbai,Green,CSK,1,110
80,2,8.0,51,Bangalore,Green,DC,0,192
59,0,5.9,46,Bangalore,Green,DC,0,169
61,5,6.1,60,Chennai,Green,CSK,0,131
80,5,8.0,64,Mumbai,Green,MI,0,188
101,3,10.1,42,Mumbai,Flat,MI,1,227
69,0,6.9,28,Kolkata,Flat,KKR,1,195
51,3,5.1,36,Delhi,Green,CSK,0,116
74,6,7.4,48,Delhi,Slow,RCB,1,173
57,4,5.7,54,Mumbai,Green,CSK,0,151
65,4,6.5,25,Delhi,Flat,KKR,1,148
50,6,5.0,30,Kolkata,Green,CSK,0,85
76,6,7.6,54,Bangalore,Flat,SRH,1,185
65,1,6.5,56,Chennai,Green,CSK,1,173
46,4,4.6,23,Bangalore,Slow,SRH,1,116
98,6,9.8,45,Delhi,Flat,KKR,0,200
95,1,9.5,25,Kolkata,Slow,RCB,1,166
83,4,8.3,38,Bangalore,Turning,DC,0,146
100,3,10.0,32,Bangalore,Green,DC,0,171
98,2,9.8,20,Bangalore,Slow,MI,1,163
61,6,6.1,30,Delhi,Green,KKR,0,94
82,1,8.2,36,Mumbai,Slow,DC,0,183
88,5,8.8,55,Bangalore,Turning,DC,0,156
110,6,11.0,52,Chennai,Slow,SRH,0,189
97,1,9.7,60,Mumbai,Turning,DC,0,212
93,2,9.3,34,Mumbai,Turning,MI,0,176
81,3,8.1,31,Bangalore,Flat,RCB,0,180
76,2,7.6,32,Chennai,Green,CSK,0,149
91,6,9.1,62,Kolkata,Slow,KKR,0,178
79,2,7.9,49,Delhi,Turning,KKR,1,184
103,3,10.3,57,Bangalore,Turning,MI,1,224
75,3,7.5,43,Kolkata,Slow,RCB,1,169
109,3,10.9,24,Delhi,Green,RCB,0,159
67,2,6.7,38,Bangalore,Flat,SRH,0,180
87,6,8.7,59,Bangalore,Flat,RCB,0,222
96,4,9.6,29,Bangalore,Turning,SRH,1,150
83,6,8.3,48,Mumbai,Flat,MI,0,186
80,1,8.0,35,Bangalore,Flat,RCB,0,202
60,6,6.0,38,Chennai,Turning,DC,0,96
65,3,6.5,27,Bangalore,Turning,RCB,0,139
52,3,5.2,56,Delhi,Green,DC,1,143
58,5,5.8,21,Chennai,Flat,KKR,1,144
66,1,6.6,27,Chennai,Turning,DC,1,117
80,2,8.0,30,Mumbai,Turning,DC,1,156
67,3,6.7,52,Delhi,Turning,RCB,1,153
59,3,5.9,32,Mumbai,Flat,DC,1,169
88,5,8.8,29,Mumbai,Slow,KKR,1,140
100,3,10.0,63,Bangalore,Slow,MI,0,218
45,0,4.5,37,Chennai,Flat,DC,1,174
64,6,6.4,48,Kolkata,Flat,CSK,1,159
50,0,5.0,21,Mumbai,Slow,DC,0,132
61,0,6.1,39,Mumbai,Turning,KKR,0,140
99,0,9.9,58,Bangalore,Green,SRH,0,226
72,6,7.2,45,Kolkata,Flat,KKR,0,180
49,1,4.9,27,Mumbai,Slow,SRH,1,125
64,4,6.4,45,Mumbai,Flat,SRH,0,172
107,6,10.7,35,Bangalore,Green,DC,1,180
90,6,9.0,62,Mumbai,Green,MI,0,171
101,1,10.1,64,Kolkata,Green,SRH,0,200
81,2,8.1,50,Mumbai,Turning,MI,0,168
99,3,9.9,25,Kolkata,Turning,CSK,1,149
56,0,5.6,55,Delhi,Flat,SRH,0,192
108,6,10.8,27,Kolkata,Green,MI,1,142
57,0,5.7,51,Chennai,Green,KKR,0,159
73,4,7.3,63,Kolkata,Green,DC,0,184
108,5,10.8,60,Delhi,Turning,SRH,1,203
96,3,9.6,32,Bangalore,Slow,RCB,0,169
71,1,7.1,64,Mumbai,Green,MI,0,201
58,6,5.8,58,Bangalore,Turning,MI,1,149
64,5,6.4,62,Mumbai,Green,DC,1,158
52,3,5.2,31,Kolkata,Turning,MI,1,123
51,3,5.1,35,Delhi,Green,CSK,0,120
52,2,5.2,45,Delhi,Turning,CSK,0,118
107,5,10.7,40,Mumbai,Turning,CSK,1,160
46,5,4.6,24,Mumbai,Slow,MI,1,111
52,4,5.2,38,Delhi,Green,SRH,1,126
91,3,9.1,24,Bangalore,Turning,KKR,0,143
85,2,8.5,56,Chennai,Green,DC,0,177
56,3,5.6,37,Chennai,Flat,SRH,1,150
99,2,9.9,21,Kolkata,Flat,SRH,1,189
72,4,7.2,40,Delhi,Slow,RCB,0,141
106,6,10.6,20,Mumbai,Flat,RCB,0,176
65,5,6.5,20,Chennai,Slow,CSK,0,110
56,1,5.6,39,Chennai,Green,SRH,0,144
100,4,10.0,45,Delhi,Slow,KKR,0,186
105,1,10.5,24,Mumbai,Slow,KKR,1,178
55,6,5.5,58,Mumbai,Green,KKR,1,151
48,3,4.8,41,Kolkata,Slow,DC,1,127
75,6,7.5,60,Mumbai,Turning,MI,0,164
56,5,5.6,44,Bangalore,Turning,MI,0,143
110,5,11.0,57,Bangalore,Green,MI,0,193
50,1,5.0,27,Kolkata,Flat,RCB,0,167
89,3,8.9,44,Bangalore,Turning,SRH,1,181
81,3,8.1,20,Chennai,Flat,MI,1,180
104,3,10.4,39,Bangalore,Slow,KKR,1,189
102,4,10.2,48,Bangalore,Flat,KKR,0,215
89,3,8.9,64,Chennai,Turning,RCB,0,180
97,1,9.7,42,Bangalore,Green,KKR,0,180
94,2,9.4,56,Delhi,Green,KKR,1,190
59,5,5.9,56,Bangalore,Green,SRH,1,142
86,1,8.6,23,Bangalore,Slow,DC,0,149
92,2,9.2,27,Mumbai,Green,KKR,1,172
71,3,7.1,39,Mumbai,Flat,RCB,1,205
87,4,8.7,45,Bangalore,Turning,KKR,1,162
83,2,8.3,36,Bangalore,Green,RCB,1,188
54,6,5.4,39,Kolkata,Flat,KKR,0,149
76,6,7.6,65,Bangalore,Turning,SRH,1,162
73,4,7.3,37,Delhi,Turning,CSK,0,121
73,0,7.3,57,Bangalore,Slow,MI,1,215
72,4,7.2,62,Kolkata,Turning,CSK,0,152
58,0,5.8,56,Delhi,Green,CSK,0,159
106,6,10.6,22,Delhi,Turning,RCB,1,140
81,5,8.1,65,Delhi,Turning,RCB,1,196
61,6,6.1,28,Chennai,Green,CSK,0,92
80,4,8.0,47,Bangalore,Slow,CSK,0,175
73,4,7.3,23,Chennai,Green,DC,1,107
62,6,6.2,27,Mumbai,Slow,RCB,1,136
90,4,9.0,65,Kolkata,Slow,MI,1,207
88,5,8.8,63,Delhi,Flat,SRH,1,223
55,4,5.5,59,Mumbai,Flat,RCB,1,197
83,1,8.3,36,Bangalore,Slow,KKR,0,164
54,1,5.4,54,Kolkata,Turning,CSK,0,146
68,1,6.8,46,Mumbai,Green,CSK,0,155
84,3,8.4,38,Mumbai,Turning,KKR,0,161
58,0,5.8,39,Mumbai,Slow,DC,1,161
95,6,9.5,54,Chennai,Flat,SRH,1,205
63,4,6.3,37,Delhi,Flat,MI,0,167
107,3,10.7,38,Chennai,Slow,RCB,0,176
83,1,8.3,40,Chennai,Green,MI,1,190
51,1,5.1,30,Kolkata,Turning,KKR,1,121
68,3,6.8,41,Mumbai,Green,MI,0,152
64,4,6.4,34,Chennai,Green,CSK,0,115
96,4,9.6,26,Mumbai,Green,CSK,0,133
73,1,7.3,36,Delhi,Slow,KKR,0,170
60,5,6.0,47,Delhi,Turning,CSK,1,143
99,1,9.9,50,Kolkata,Turning,RCB,0,215
52,1,5.2,37,Bangalore,Green,CSK,0,154
67,1,6.7,57,Kolkata,Turning,KKR,0,164
48,1,4.8,37,Mumbai,Flat,MI,1,172
53,6,5.3,57,Chennai,Flat,KKR,0,175
65,5,6.5,28,Bangalore,Flat,RCB,0,155
97,6,9.7,36,Kolkata,Slow,DC,0,162
105,5,10.5,60,Delhi,Turning,RCB,1,191
68,2,6.8,23,Delhi,Turning,DC,0,122
101,1,10.1,63,Delhi,Green,RCB,0,217
64,2,6.4,58,Chennai,Turning,KKR,1,176
81,5,8.1,36,Kolkata,Green,MI,1,139
69,3,6.9,56,Chennai,Green,CSK,0,147
56,0,5.6,27,Kolkata,Slow,SRH,0,125
89,5,8.9,55,Delhi,Flat,DC,0,198
51,6,5.1,51,Bangalore,Flat,DC,0,159
64,2,6.4,26,Kolkata,Turning,DC,1,114
85,5,8.5,27,Delhi,Flat,MI,0,154
108,3,10.8,36,Mumbai,Green,SRH,1,172
65,0,6.5,43,Bangalore,Green,MI,0,168
67,3,6.7,63,Bangalore,Turning,SRH,1,186
69,1,6.9,20,Kolkata,Green,MI,1,132
83,3,8.3,21,Bangalore,Slow,SRH,1,130
79,3,7.9,21,Mumbai,Flat,RCB,1,185
109,5,10.9,42,Chennai,Turning,MI,1,175
77,4,7.7,64,Mumbai,Slow,KKR,0,177
85,3,8.5,34,Bangalore,Green,KKR,1,164
85,6,8.5,30,Mumbai,Turning,SRH,0,108
98,0,9.8,45,Bangalore,Flat,MI,0,222
92,4,9.2,30,Mumbai,Turning,CSK,0,140
97,1,9.7,22,Mumbai,Turning,RCB,1,164
100,1,10.0,49,Mumbai,Slow,MI,1,221
68,0,6.8,47,Delhi,Flat,RCB,1,218
110,0,11.0,61,Kolkata,Turning,CSK,0,214
58,1,5.8,61,Kolkata,Flat,CSK,1,208
73,5,7.3,30,Chennai,Flat,MI,0,141
67,6,6.7,24,Bangalore,Turning,SRH,0,107
92,4,9.2,29,Delhi,Slow,SRH,1,151
83,0,8.3,26,Kolkata,Flat,SRH,1,182
52,3,5.2,39,Bangalore,Green,DC,0,115
94,1,9.4,56,Kolkata,Slow,KKR,1,205
85,4,8.5,40,Delhi,Slow,RCB,1,181
84,6,8.4,27,Kolkata,Slow,DC,0,117
82,5,8.2,31,Chennai,Green,DC,1,143
63,1,6.3,24,Mumbai,Green,CSK,1,143
53,0,5.3,38,Mumbai,Turning,SRH,0,148
59,2,5.9,51,Kolkata,Flat,CSK,1,199
102,1,10.2,46,Kolkata,Turning,SRH,0,193
65,4,6.5,64,Mumbai,Flat,DC,0,182
73,3,7.3,47,Delhi,Flat,DC,0,192
45,0,4.5,20,Bangalore,Green,DC,0,117
88,1,8.8,54,Delhi,Green,CSK,0,187
50,2,5.0,31,Bangalore,Green,SRH,0,123
45,2,4.5,55,Mumbai,Slow,SRH,0,156
52,0,5.2,48,Delhi,Slow,MI,1,178
100,1,10.0,34,Mumbai,Green,SRH,1,190
71,1,7.1,50,Delhi,Flat,SRH,1,208
59,5,5.9,54,Delhi,Green,KKR,1,135
76,3,7.6,55,Bangalore,Flat,CSK,0,196
64,5,6.4,52,Mumbai,Green,MI,0,137
110,5,11.0,34,Bangalore,Green,KKR,0,173
106,2,10.6,65,Chennai,Slow,KKR,1,225
57,5,5.7,22,Delhi,Turning,SRH,0,74
57,6,5.7,61,Bangalore,Green,CSK,0,144
101,3,10.1,27,Delhi,Flat,RCB,1,206
76,4,7.6,64,Bangalore,Turning,DC,1,169
47,5,4.7,29,Delhi,Slow,RCB,1,117
94,6,9.4,30,Kolkata,Turning,SRH,0,118
86,3,8.6,33,Bangalore,Green,RCB,1,163
79,5,7.9,47,Chennai,Slow,DC,1,168
62,4,6.2,58,Chennai,Slow,RCB,1,159
97,3,9.7,57,Bangalore,Flat,KKR,1,236
47,4,4.7,20,Kolkata,Slow,RCB,1,101
90,5,9.0,59,Kolkata,Turning,KKR,1,165
110,1,11.0,58,Kolkata,Turning,CSK,1,217
76,2,7.6,49,Kolkata,Turning,MI,1,179
58,3,5.8,38,Kolkata,Flat,RCB,1,168
46,6,4.6,58,Mumbai,Slow,CSK,1,153
66,0,6.6,22,Mumbai,Slow,MI,1,138
95,3,9.5,38,Kolkata,Flat,CSK,0,188
77,2,7.7,53,Chennai,Green,CSK,0,182
50,2,5.0,50,Bangalore,Green,SRH,1,144
58,4,5.8,42,Delhi,Green,CSK,0,143
102,6,10.2,43,Chennai,Flat,CSK,0,174
89,5,8.9,44,Delhi,Flat,SRH,1,194
71,0,7.1,42,Delhi,Turning,CSK,1,175
69,6,6.9,48,Kolkata,Turning,KKR,1,140
51,4,5.1,50,Chennai,Flat,SRH,1,151
98,5,9.8,22,Chennai,Flat,DC,0,160
92,5,9.2,27,Chennai,Green,RCB,1,142
77,1,7.7,58,Kolkata,Flat,KKR,1,216
88,3,8.8,55,Delhi,Turning,MI,1,202
49,3,4.9,29,Mumbai,Flat,RCB,1,160
100,6,10.0,50,Mumbai,Turning,KKR,0,160
68,0,6.8,58,Chennai,Turning,MI,0,194
82,3,8.2,21,Bangalore,Slow,RCB,1,169
94,2,9.4,54,Bangalore,Turning,RCB,0,206
100,2,10.0,30,Chennai,Green,SRH,0,156
45,3,4.5,25,Mumbai,Turning,RCB,1,103
58,1,5.8,64,Kolkata,Flat,CSK,0,201
61,5,6.1,31,Chennai,Flat,DC,1,134
63,5,6.3,49,Delhi,Green,KKR,1,147
76,4,7.6,42,Kolkata,Turning,DC,1,146
86,1,8.6,31,Kolkata,Turning,MI,1,153
85,0,8.5,45,Chennai,Turning,KKR,1,187
55,3,5.5,24,Chennai,Turning,CSK,0,95
84,4,8.4,25,Bangalore,Slow,KKR,1,144
105,1,10.5,43,Mumbai,Turning,MI,1,201
82,0,8.2,49,Chennai,Turning,SRH,1,187
103,1,10.3,36,Bangalore,Green,CSK,1,186
107,4,10.7,54,Chennai,Green,MI,0,195
72,3,7.2,25,Chennai,Green,MI,0,126
49,4,4.9,50,Kolkata,Green,SRH,0,123
67,3,6.7,54,Delhi,Green,CSK,1,175
100,1,10.0,40,Chennai,Turning,MI,0,181
84,3,8.4,40,Mumbai,Turning,DC,0,154
110,0,11.0,26,Kolkata,Flat,RCB,1,234
106,1,10.6,38,Bangalore,Slow,KKR,0,210
106,3,10.6,44,Mumbai,Slow,SRH,0,185
73,1,7.3,45,Mumbai,Turning,KKR,1,164
88,0,8.8,59,Kolkata,Flat,DC,0,220
51,4,5.1,58,Kolkata,Turning,KKR,0,142
47,4,4.7,34,Bangalore,Green,CSK,0,114
97,5,9.7,53,Bangalore,Turning,MI,1,183
80,5,8.0,52,Kolkata,Turning,SRH,1,157
92,3,9.2,30,Kolkata,Turning,KKR,1,160
89,6,8.9,53,Mumbai,Flat,SRH,0,182
63,0,6.3,48,Kolkata,Slow,DC,0,179
62,2,6.2,53,Kolkata,Green,DC,1,175
55,3,5.5,20,Bangalore,Turning,RCB,1,128
57,6,5.7,37,Mumbai,Slow,KKR,0,121
95,4,9.5,26,Chennai,Green,DC,0,145
48,1,4.8,53,Kolkata,Turning,KKR,0,157
55,4,5.5,35,Kolkata,Slow,SRH,0,111
88,4,8.8,20,Chennai,Green,CSK,1,130
51,2,5.1,40,Mumbai,Slow,KKR,0,134
92,0,9.2,60,Bangalore,Flat,DC,1,264
46,6,4.6,62,Bangalore,Green,MI,1,131
60,0,6.0,56,Mumbai,Flat,CSK,0,220
61,6,6.1,56,Delhi,Turning,MI,1,139
60,1,6.0,47,Chennai,Flat,DC,1,196
57,6,5.7,52,Chennai,Flat,RCB,1,156
62,2,6.2,33,Delhi,Green,KKR,0,149
88,5,8.8,53,Delhi,Green,KKR,1,164
101,0,10.1,33,Bangalore,Slow,SRH,0,183
90,1,9.0,59,Chennai,Flat,DC,1,233
86,6,8.6,47,Chennai,Turning,DC,1,145
76,0,7.6,61,Bangalore,Slow,KKR,0,211
107,4,10.7,31,Bangalore,Turning,CSK,0,160
82,1,8.2,45,Kolkata,Flat,DC,0,213
110,1,11.0,50,Delhi,Green,KKR,0,224
65,4,6.5,58,Delhi,Slow,KKR,0,159
76,2,7.6,31,Kolkata,Flat,KKR,1,174
53,6,5.3,65,Delhi,Flat,CSK,0,176
104,2,10.4,60,Mumbai,Turning,SRH,1,208
78,0,7.8,43,Chennai,Flat,MI,0,194
107,1,10.7,20,Bangalore,Green,KKR,1,171
99,1,9.9,52,Chennai,Turning,DC,1,202
79,3,7.9,27,Kolkata,Green,SRH,1,148
72,0,7.2,56,Delhi,Flat,KKR,1,220
78,5,7.8,62,Kolkata,Flat,SRH,0,185
109,4,10.9,37,Kolkata,Slow,RCB,1,201
89,0,8.9,65,Mumbai,Turning,SRH,1,203
107,0,10.7,49,Bangalore,Green,CSK,1,231
60,6,6.0,26,Delhi,Turning,DC,0,83
84,1,8.4,57,Kolkata,Flat,SRH,1,215
105,3,10.5,61,Bangalore,Green,DC,0,201
96,2,9.6,50,Delhi,Flat,RCB,0,221
46,4,4.6,20,Kolkata,Flat,RCB,0,128
98,0,9.8,31,Kolkata,Green,KKR,0,176
78,6,7.8,30,Chennai,Turning,CSK,0,124
74,0,7.4,59,Chennai,Turning,KKR,1,179
45,2,4.5,37,Chennai,Flat,CSK,1,159
79,0,7.9,56,Mumbai,Green,RCB,1,218
75,6,7.5,55,Chennai,Flat,SRH,1,187
84,0,8.4,60,Mumbai,Green,RCB,1,204
105,1,10.5,44,Bangalore,Slow,MI,0,201
92,0,9.2,51,Bangalore,Green,MI,1,198
78,6,7.8,64,Mumbai,Green,KKR,0,159
51,0,5.1,32,Bangalore,Slow,SRH,1,134
93,1,9.3,23,Delhi,Flat,MI,1,196
66,0,6.6,29,Chennai,Flat,SRH,1,182
75,3,7.5,46,Mumbai,Flat,SRH,1,183
97,4,9.7,57,Chennai,Flat,RCB,1,228
85,0,8.5,23,Chennai,Slow,MI,0,156
46,0,4.6,49,Mumbai,Slow,CSK,0,166
49,5,4.9,48,Mumbai,Green,CSK,0,115
93,4,9.3,22,Kolkata,Slow,CSK,1,146
63,1,6.3,27,Chennai,Turning,RCB,1,146
97,6,9.7,27,Delhi,Flat,SRH,0,166
53,3,5.3,20,Delhi,Turning,RCB,0,104
51,1,5.1,34,Bangalore,Turning,MI,0,130
63,0,6.3,61,Delhi,Flat,MI,1,212
72,4,7.2,37,Chennai,Green,DC,0,134
79,2,7.9,48,Delhi,Green,KKR,0,163
68,3,6.8,61,Bangalore,Turning,CSK,0,183
61,3,6.1,46,Chennai,Slow,SRH,1,155
48,5,4.8,28,Bangalore,Turning,DC,1,101
89,0,8.9,44,Chennai,Green,CSK,0,185
59,2,5.9,54,Kolkata,Flat,MI,1,198
96,6,9.6,64,Bangalore,Slow,RCB,1,210
99,6,9.9,52,Delhi,Green,MI,1,178
52,0,5.2,52,Kolkata,Turning,RCB,1,161
48,4,4.8,34,Delhi,Flat,SRH,0,139
49,3,4.9,38,Kolkata,Green,CSK,1,118
50,0,5.0,45,Kolkata,Green,KKR,0,161
70,6,7.0,40,Mumbai,Turning,SRH,1,128
100,2,10.0,48,Chennai,Green,CSK,0,190
97,2,9.7,37,Delhi,Green,MI,0,168
53,1,5.3,32,Delhi,Green,CSK,1,147
87,0,8.7,33,Mumbai,Flat,CSK,0,187
93,1,9.3,38,Delhi,Slow,MI,0,190
45,0,4.5,53,Kolkata,Flat,CSK,1,176
96,6,9.6,20,Chennai,Flat,KKR,0,166
75,1,7.5,63,Delhi,Green,KKR,1,207
50,3,5.0,20,Kolkata,Turning,RCB,0,117
99,3,9.9,36,Delhi,Green,CSK,0,153
110,2,11.0,63,Mumbai,Green,KKR,0,238
57,5,5.7,35,Delhi,Flat,CSK,0,138
56,5,5.6,58,Kolkata,Turning,DC,1,134
109,1,10.9,56,Bangalore,Green,CSK,0,226
78,6,7.8,62,Chennai,Flat,RCB,0,194
75,2,7.5,46,Delhi,Flat,KKR,1,198
77,2,7.7,57,Bangalore,Slow,KKR,1,186
51,0,5.1,23,Kolkata,Green,RCB,0,140
62,5,6.2,54,Chennai,Green,MI,0,144
102,4,10.2,38,Chennai,Green,KKR,0,153
89,4,8.9,24,Delhi,Turning,DC,1,148
62,3,6.2,34,Bangalore,Green,KKR,1,131
73,2,7.3,49,Chennai,Flat,RCB,0,191
57,6,5.7,55,Mumbai,Turning,CSK,0,136
98,0,9.8,60,Mumbai,Turning,RCB,0,218
95,0,9.5,22,Chennai,Slow,SRH,0,155
52,2,5.2,47,Delhi,Flat,CSK,0,160
76,4,7.6,29,Delhi,Flat,CSK,0,168
67,1,6.7,28,Kolkata,Slow,CSK,1,133
61,0,6.1,61,Bangalore,Turning,CSK,1,193
99,3,9.9,40,Mumbai,Turning,RCB,1,194
50,2,5.0,61,Mumbai,Green,KKR,1,160
83,3,8.3,21,Chennai,Flat,RCB,0,154
91,3,9.1,60,Mumbai,Turning,KKR,0,184
75,2,7.5,55,Delhi,Flat,KKR,1,214
66,1,6.6,40,Chennai,Green,KKR,0,148
102,0,10.2,52,Delhi,Slow,DC,1,233
89,5,8.9,45,Mumbai,Green,RCB,0,185
101,3,10.1,54,Delhi,Turning,SRH,1,191
104,6,10.4,25,Mumbai,Flat,DC,0,168
46,0,4.6,46,Chennai,Turning,SRH,1,134
63,1,6.3,35,Bangalore,Turning,MI,1,138
84,5,8.4,46,Delhi,Green,CSK,0,141
88,6,8.8,60,Delhi,Turning,SRH,1,158
90,2,9.0,56,Mumbai,Flat,KKR,1,241
81,5,8.1,25,Chennai,Flat,DC,1,163
70,4,7.0,55,Chennai,Green,KKR,0,142
99,1,9.9,39,Mumbai,Turning,DC,1,186
109,6,10.9,31,Chennai,Turning,SRH,1,150
47,3,4.7,45,Bangalore,Flat,RCB,0,184
57,0,5.7,31,Chennai,Green,RCB,1,140
80,0,8.0,31,Mumbai,Flat,CSK,1,184
84,4,8.4,53,Delhi,Flat,MI,1,198
57,5,5.7,61,Kolkata,Slow,CSK,0,141
65,0,6.5,64,Mumbai,Flat,SRH,1,226
51,0,5.1,25,Bangalore,Flat,CSK,0,152
105,6,10.5,27,Mumbai,Flat,DC,1,189
57,4,5.7,49,Kolkata,Slow,CSK,0,153
94,1,9.4,42,Kolkata,Flat,DC,1,203
81,6,8.1,60,Delhi,Turning,RCB,0,173
60,0,6.0,33,Delhi,Turning,MI,1,149
66,5,6.6,27,Chennai,Slow,MI,1,123
45,3,4.5,28,Delhi,Flat,DC,0,131
59,3,5.9,26,Delhi,Flat,SRH,0,152
105,6,10.5,29,Mumbai,Green,DC,1,146
106,3,10.6,27,Kolkata,Green,KKR,1,181
74,0,7.4,48,Delhi,Flat,CSK,0,216
81,4,8.1,20,Kolkata,Turning,RCB,1,144
109,0,10.9,20,Mumbai,Turning,DC,1,168
62,1,6.2,45,Mumbai,Green,CSK,1,165
49,6,4.9,44,Kolkata,Slow,SRH,1,129
103,2,10.3,45,Delhi,Flat,KKR,1,234
90,0,9.0,47,Kolkata,Flat,MI,1,237
63,0,6.3,40,Chennai,Flat,KKR,1,200
63,3,6.3,24,Chennai,Slow,CSK,0,108
91,0,9.1,61,Kolkata,Turning,MI,1,226
72,5,7.2,64,Chennai,Green,SRH,0,153
82,4,8.2,24,Mumbai,Flat,CSK,1,181
58,5,5.8,47,Kolkata,Flat,CSK,1,175
74,0,7.4,29,Chennai,Turning,CSK,1,148
91,6,9.1,65,Kolkata,Slow,DC,1,184
76,1,7.6,62,Kolkata,Turning,MI,1,196
56,0,5.6,20,Bangalore,Flat,CSK,1,176
108,3,10.8,36,Mumbai,Slow,SRH,1,199
60,2,6.0,50,Mumbai,Turning,RCB,0,150
54,3,5.4,51,Bangalore,Flat,MI,0,185
92,6,9.2,56,Delhi,Flat,RCB,1,207
64,3,6.4,60,Chennai,Slow,MI,0,178
94,0,9.4,29,Bangalore,Turning,KKR,1,189
80,3,8.0,49,Delhi,Green,CSK,1,158
101,0,10.1,21,Delhi,Green,CSK,1,161
91,3,9.1,36,Delhi,Green,KKR,0,154
57,3,5.7,40,Bangalore,Green,SRH,0,143
68,3,6.8,38,Chennai,Turning,SRH,1,141
103,5,10.3,31,Delhi,Flat,MI,0,183
78,6,7.8,45,Kolkata,Slow,MI,1,144
83,0,8.3,48,Delhi,Slow,RCB,0,185
102,5,10.2,44,Mumbai,Green,KKR,0,187
71,2,7.1,33,Kolkata,Slow,KKR,1,161
62,2,6.2,58,Mumbai,Green,SRH,1,179
109,6,10.9,50,Kolkata,Flat,KKR,0,220
78,4,7.8,53,Delhi,Green,MI,0,175
87,6,8.7,43,Mumbai,Turning,CSK,1,159
48,5,4.8,53,Kolkata,Green,KKR,0,132
98,5,9.8,25,Bangalore,Slow,KKR,1,168
46,2,4.6,32,Bangalore,Slow,KKR,0,137
105,4,10.5,58,Delhi,Slow,DC,1,201
77,1,7.7,47,Chennai,Flat,MI,1,197
68,3,6.8,33,Delhi,Green,KKR,0,126
52,5,5.2,31,Mumbai,Green,KKR,0,96
54,6,5.4,49,Bangalore,Slow,KKR,0,150
107,0,10.7,47,Mumbai,Flat,RCB,0,255
92,0,9.2,38,Bangalore,Slow,SRH,0,175
92,1,9.2,26,Delhi,Flat,MI,0,185
48,1,4.8,46,Kolkata,Flat,CSK,1,166
95,2,9.5,51,Chennai,Flat,KKR,0,231
54,3,5.4,49,Chennai,Green,CSK,1,155
69,3,6.9,22,Bangalore,Flat,CSK,1,163
70,1,7.0,31,Delhi,Slow,MI,1,173
80,3,8.0,56,Mumbai,Flat,KKR,0,213
80,6,8.0,48,Delhi,Green,SRH,0,146
73,4,7.3,22,Delhi,Turning,RCB,0,113
89,4,8.9,59,Kolkata,Turning,CSK,0,183
73,1,7.3,49,Mumbai,Slow,MI,0,173
60,6,6.0,44,Mumbai,Turning,DC,0,112
99,0,9.9,28,Delhi,Slow,KKR,1,193
87,6,8.7,30,Delhi,Green,SRH,1,129
71,4,7.1,51,Bangalore,Turning,CSK,1,166
45,4,4.5,54,Delhi,Turning,CSK,1,139
108,2,10.8,46,Chennai,Green,CSK,0,198
58,4,5.8,30,Kolkata,Flat,MI,0,156
54,2,5.4,39,Mumbai,Flat,RCB,1,182
49,4,4.9,34,Mumbai,Green,RCB,0,114
71,1,7.1,20,Mumbai,Green,RCB,0,130
64,6,6.4,43,Bangalore,Turning,CSK,0,128
73,2,7.3,38,Bangalore,Flat,MI,1,198
109,6,10.9,55,Kolkata,Turning,DC,0,181
69,6,6.9,35,Mumbai,Green,RCB,0,128
65,4,6.5,47,Mumbai,Flat,SRH,0,169
74,0,7.4,28,Bangalore,Turning,CSK,0,163
52,3,5.2,41,Kolkata,Slow,RCB,0,156
52,0,5.2,29,Mumbai,Slow,KKR,0,127
106,3,10.6,39,Kolkata,Turning,RCB,0,169
46,3,4.6,31,Kolkata,Turning,DC,0,104
71,3,7.1,41,Kolkata,Flat,SRH,0,163
95,3,9.5,24,Mumbai,Flat,KKR,1,181
96,1,9.6,47,Bangalore,Slow,RCB,0,217
110,5,11.0,45,Bangalore,Slow,CSK,0,196
48,4,4.8,47,Chennai,Slow,MI,0,116
65,5,6.5,54,Bangalore,Turning,MI,1,141
69,1,6.9,65,Chennai,Flat,RCB,0,236
87,2,8.7,20,Bangalore,Flat,RCB,0,194
62,0,6.2,57,Chennai,Turning,MI,0,173
101,3,10.1,57,Delhi,Green,RCB,1,216
61,2,6.1,64,Bangalore,Green,MI,0,183
75,5,7.5,36,Bangalore,Flat,SRH,0,173
45,2,4.5,54,Delhi,Slow,CSK,1,153
93,6,9.3,56,Mumbai,Green,MI,0,180
100,2,10.0,26,Bangalore,Flat,MI,1,206
82,3,8.2,37,Chennai,Turning,DC,1,155
69,6,6.9,54,Mumbai,Turning,DC,1,152
106,1,10.6,45,Mumbai,Flat,DC,1,232
106,1,10.6,62,Kolkata,Green,RCB,1,248
72,6,7.2,60,Bangalore,Turning,CSK,1,149
65,1,6.5,31,Bangalore,Flat,CSK,0,170
96,1,9.6,39,Delhi,Green,SRH,1,175
77,1,7.7,61,Chennai,Flat,MI,0,214
80,0,8.0,38,Kolkata,Green,SRH,0,176
46,4,4.6,64,Delhi,Slow,MI,1,146
62,3,6.2,45,Chennai,Turning,RCB,0,159
91,3,9.1,32,Mumbai,Flat,KKR,1,200
50,0,5.0,65,Mumbai,Flat,CSK,0,210
73,1,7.3,43,Mumbai,Green,MI,0,164
104,0,10.4,25,Kolkata,Green,KKR,0,185
50,3,5.0,21,Kolkata,Green,KKR,1,112
49,2,4.9,45,Bangalore,Slow,CSK,1,162
52,3,5.2,47,Mumbai,Slow,RCB,0,160
90,0,9.0,20,Kolkata,Turning,MI,1,150
70,2,7.0,47,Chennai,Slow,KKR,0,175
73,5,7.3,27,Mumbai,Green,KKR,0,109
78,2,7.8,65,Chennai,Slow,RCB,0,217
70,5,7.0,26,Delhi,Turning,RCB,1,112
70,3,7.0,31,Delhi,Slow,DC,1,142
91,3,9.1,46,Chennai,Slow,DC,0,183
77,4,7.7,38,Mumbai,Flat,RCB,1,200
53,3,5.3,40,Bangalore,Flat,SRH,1,150
56,6,5.6,51,Kolkata,Green,MI,1,142
68,0,6.8,30,Bangalore,Green,KKR,1,153
79,0,7.9,51,Mumbai,Green,RCB,1,201
87,6,8.7,32,Kolkata,Slow,SRH,1,138
46,1,4.6,42,Bangalore,Turning,DC,0,131
62,3,6.2,55,Kolkata,Flat,RCB,1,189
70,4,7.0,47,Bangalore,Flat,DC,0,196
45,4,4.5,41,Mumbai,Turning,DC,1,116
79,1,7.9,25,Delhi,Turning,MI,1,160
47,6,4.7,22,Kolkata,Green,KKR,0,74
99,0,9.9,39,Delhi,Slow,DC,0,188
73,3,7.3,52,Kolkata,Turning,RCB,0,165
51,3,5.1,44,Chennai,Slow,DC,1,148
98,2,9.8,46,Delhi,Green,DC,1,199
74,3,7.4,55,Chennai,Turning,DC,1,176
56,4,5.6,43,Kolkata,Flat,CSK,0,156
105,5,10.5,30,Kolkata,Flat,CSK,1,183
50,5,5.0,49,Kolkata,Slow,CSK,1,124
91,3,9.1,47,Chennai,Turning,CSK,0,172
76,3,7.6,37,Delhi,Green,MI,0,148
106,5,10.6,48,Mumbai,Flat,KKR,1,226
60,4,6.0,28,Mumbai,Green,KKR,1,136
105,4,10.5,61,Bangalore,Flat,SRH,0,242
110,3,11.0,52,Kolkata,Slow,RCB,0,214
87,5,8.7,58,Chennai,Slow,KKR,0,180
98,1,9.8,39,Mumbai,Slow,KKR,0,201
85,6,8.5,60,Bangalore,Flat,DC,1,209
62,1,6.2,27,Delhi,Flat,RCB,1,185
54,4,5.4,45,Delhi,Flat,KKR,1,158
68,6,6.8,23,Chennai,Slow,MI,0,108
69,6,6.9,57,Kolkata,Green,SRH,0,150
65,3,6.5,27,Kolkata,Green,KKR,1,144
71,6,7.1,34,Delhi,Flat,KKR,0,154
99,6,9.9,39,Kolkata,Turning,MI,1,160
82,1,8.2,21,Mumbai,Green,CSK,0,161
86,2,8.6,63,Kolkata,Flat,CSK,1,226
98,3,9.8,21,Delhi,Green,CSK,1,163
101,1,10.1,20,Bangalore,Turning,SRH,0,174
79,1,7.9,55,Kolkata,Turning,DC,0,187
51,5,5.1,29,Chennai,Slow,DC,0,97
105,4,10.5,20,Delhi,Slow,DC,1,162
73,5,7.3,27,Bangalore,Flat,CSK,1,163
77,6,7.7,57,Mumbai,Flat,RCB,0,189
102,6,10.2,22,Chennai,Slow,CSK,0,134
83,0,8.3,48,Chennai,Green,CSK,0,183
53,3,5.3,30,Delhi,Green,SRH,0,116
98,4,9.8,31,Bangalore,Turning,SRH,1,166
48,5,4.8,21,Delhi,Green,SRH,1,103
68,5,6.8,61,Delhi,Turning,CSK,0,150
45,3,4.5,57,Chennai,Slow,CSK,0,152
105,3,10.5,45,Mumbai,Flat,SRH,0,217
62,6,6.2,21,Mumbai,Flat,KKR,0,134
67,3,6.7,32,Bangalore,Turning,RCB,0,136
93,5,9.3,61,Mumbai,Turning,RCB,1,208
45,0,4.5,31,Chennai,Turning,DC,0,110
65,5,6.5,43,Mumbai,Slow,SRH,0,139
56,1,5.6,34,Delhi,Turning,MI,0,124
79,4,7.9,48,Delhi,Flat,MI,1,202
102,0,10.2,28,Bangalore,Green,KKR,1,180
84,0,8.4,42,Bangalore,Green,DC,1,181
109,6,10.9,25,Kolkata,Slow,RCB,1,170
47,1,4.7,45,Bangalore,Green,CSK,1,162
102,3,10.2,35,Kolkata,Turning,RCB,1,176
64,1,6.4,28,Mumbai,Slow,CSK,1,144
104,4,10.4,59,Kolkata,Slow,RCB,0,199
92,4,9.2,39,Kolkata,Slow,DC,0,150
51,2,5.1,31,Kolkata,Slow,MI,0,143
97,4,9.7,59,Mumbai,Flat,KKR,1,227
54,3,5.4,56,Kolkata,Slow,MI,0,171
89,3,8.9,59,Kolkata,Green,SRH,0,175
86,6,8.6,55,Delhi,Slow,SRH,1,176
108,3,10.8,59,Mumbai,Turning,KKR,0,201
60,1,6.0,36,Kolkata,Green,CSK,1,158
76,0,7.6,40,Mumbai,Green,SRH,0,158
61,3,6.1,20,Chennai,Flat,CSK,1,134
51,5,5.1,62,Delhi,Slow,MI,0,167
84,5,8.4,61,Mumbai,Flat,RCB,0,207
83,0,8.3,21,Mumbai,Slow,RCB,0,181
105,1,10.5,22,Kolkata,Slow,DC,1,186
94,2,9.4,30,Mumbai,Turning,CSK,1,168
64,0,6.4,53,Mumbai,Green,RCB,0,170
107,3,10.7,47,Kolkata,Flat,SRH,1,224
96,1,9.6,56,Kolkata,Flat,DC,1,233
61,0,6.1,25,Delhi,Turning,MI,0,132
97,3,9.7,26,Kolkata,Slow,SRH,1,160
64,6,6.4,61,Bangalore,Flat,RCB,0,202
84,3,8.4,36,Chennai,Green,RCB,0,174
54,5,5.4,32,Delhi,Turning,KKR,0,89
51,3,5.1,51,Delhi,Green,DC,0,125
108,2,10.8,23,Mumbai,Slow,CSK,0,188
50,1,5.0,64,Bangalore,Flat,SRH,0,201
106,1,10.6,33,Delhi,Flat,MI,1,231
68,6,6.8,38,Bangalore,Turning,KKR,1,131
45,6,4.5,37,Delhi,Slow,CSK,1,115
98,6,9.8,28,Mumbai,Turning,CSK,0,143
105,3,10.5,40,Chennai,Flat,KKR,0,222
90,0,9.0,50,Mumbai,Green,SRH,1,188
79,2,7.9,44,Mumbai,Turning,CSK,0,164
90,4,9.0,20,Bangalore,Turning,SRH,0,138
57,2,5.7,48,Bangalore,Turning,DC,1,157
91,1,9.1,58,Chennai,Slow,CSK,1,218
105,0,10.5,23,Bangalore,Flat,SRH,0,221
46,5,4.6,39,Bangalore,Turning,CSK,1,97
76,4,7.6,65,Kolkata,Green,MI,0,190
48,5,4.8,33,Kolkata,Slow,KKR,0,117
50,1,5.0,52,Bangalore,Slow,DC,1,171
47,5,4.7,48,Kolkata,Flat,MI,1,153
65,4,6.5,64,Bangalore,Flat,KKR,1,214
100,5,10.0,58,Mumbai,Green,DC,0,182
98,1,9.8,32,Chennai,Green,SRH,1,167
78,6,7.8,21,Kolkata,Flat,KKR,1,132
109,5,10.9,58,Kolkata,Slow,CSK,0,184
60,4,6.0,64,Kolkata,Flat,SRH,1,203
73,0,7.3,25,Mumbai,Green,KKR,1,144
57,2,5.7,54,Bangalore,Turning,SRH,0,148
65,6,6.5,45,Mumbai,Green,DC,0,117
96,0,9.6,38,Delhi,Green,MI,0,185
73,4,7.3,50,Chennai,Slow,KKR,1,159
80,2,8.0,50,Chennai,Green,DC,0,155
101,6,10.1,24,Bangalore,Slow,DC,0,156
88,5,8.8,35,Kolkata,Turning,KKR,1,155
94,3,9.4,28,Delhi,Green,MI,1,169
93,0,9.3,43,Mumbai,Flat,MI,1,218
83,0,8.3,28,Bangalore,Slow,SRH,1,157
72,3,7.2,53,Delhi,Flat,RCB,0,200
75,0,7.5,45,Delhi,Green,KKR,0,172
50,1,5.0,53,Chennai,Slow,RCB,0,168
60,0,6.0,33,Kolkata,Flat,SRH,0,160
52,6,5.2,35,Chennai,Green,RCB,0,93
78,2,7.8,30,Mumbai,Slow,RCB,1,174
91,1,9.1,27,Kolkata,Green,KKR,0,148
100,0,10.0,28,Delhi,Turning,KKR,1,185
86,2,8.6,37,Kolkata,Green,CSK,1,160
81,5,8.1,38,Bangalore,Green,SRH,0,131
47,5,4.7,55,Chennai,Slow,RCB,1,146
72,2,7.2,38,Bangalore,Slow,KKR,0,174
66,4,6.6,63,Bangalore,Green,CSK,1,178
108,0,10.8,40,Delhi,Slow,CSK,0,215
97,0,9.7,46,Mumbai,Turning,SRH,1,182
102,0,10.2,38,Delhi,Green,KKR,1,184
61,1,6.1,42,Chennai,Turning,SRH,1,129
54,2,5.4,32,Chennai,Flat,KKR,0,159
56,3,5.6,51,Chennai,Turning,KKR,0,135
101,4,10.1,23,Bangalore,Green,MI,1,156
54,1,5.4,35,Kolkata,Turning,RCB,1,145
78,0,7.8,65,Delhi,Turning,DC,1,192
57,5,5.7,40,Delhi,Flat,RCB,1,152
55,6,5.5,61,Kolkata,Slow,KKR,1,162
96,4,9.6,33,Delhi,Turning,KKR,0,155
75,1,7.5,40,Kolkata,Slow,RCB,1,177
45,2,4.5,63,Delhi,Flat,MI,0,198
106,6,10.6,50,Chennai,Turning,MI,0,181
57,4,5.7,31,Mumbai,Flat,SRH,1,147
107,1,10.7,33,Mumbai,Green,DC,1,181
62,1,6.2,56,Delhi,Turning,RCB,0,164
62,2,6.2,35,Mumbai,Slow,KKR,1,155
68,2,6.8,30,Delhi,Slow,MI,0,137
88,5,8.8,29,Chennai,Green,MI,0,122
57,2,5.7,64,Chennai,Flat,KKR,0,189
67,4,6.7,37,Bangalore,Green,MI,1,146
54,4,5.4,57,Kolkata,Green,SRH,0,151
106,2,10.6,40,Chennai,Turning,RCB,1,181
94,0,9.4,48,Bangalore,Slow,SRH,0,195
73,0,7.3,21,Chennai,Slow,RCB,0,143
64,1,6.4,47,Mumbai,Green,KKR,1,169
104,1,10.4,33,Chennai,Slow,DC,0,196
95,3,9.5,39,Delhi,Flat,KKR,0,192
91,0,9.1,35,Delhi,Flat,RCB,1,212
109,6,10.9,39,Mumbai,Turning,CSK,0,166
105,6,10.5,65,Bangalore,Flat,MI,1,232
47,5,4.7,61,Delhi,Slow,RCB,0,149
103,3,10.3,28,Bangalore,Flat,KKR,0,184
50,1,5.0,65,Delhi,Green,SRH,1,176
96,6,9.6,36,Delhi,Flat,RCB,1,185
85,4,8.5,51,Kolkata,Green,CSK,0,169
107,5,10.7,56,Kolkata,Turning,SRH,0,175
109,3,10.9,22,Kolkata,Turning,RCB,0,175
81,4,8.1,64,Mumbai,Green,KKR,1,185
72,1,7.2,28,Mumbai,Turning,KKR,0,132
57,1,5.7,65,Kolkata,Flat,DC,0,198
81,4,8.1,41,Mumbai,Turning,CSK,0,155
54,1,5.4,63,Delhi,Slow,DC,0,163
69,6,6.9,57,Kolkata,Turning,KKR,1,139
65,2,6.5,45,Delhi,Slow,CSK,0,170
61,1,6.1,48,Kolkata,Slow,CSK,1,172
82,0,8.2,44,Kolkata,Flat,KKR,0,219
70,5,7.0,36,Kolkata,Turning,KKR,1,128
79,3,7.9,21,Bangalore,Slow,DC,1,146
79,4,7.9,44,Mumbai,Green,CSK,1,149
70,3,7.0,27,Chennai,Flat,SRH,0,149
55,3,5.5,45,Mumbai,Flat,CSK,1,168
90,2,9.0,48,Kolkata,Slow,RCB,1,199
96,2,9.6,40,Bangalore,Slow,RCB,0,211
67,2,6.7,50,Delhi,Turning,CSK,0,141
94,4,9.4,48,Bangalore,Slow,SRH,0,174
52,2,5.2,24,Delhi,Slow,RCB,1,126
58,1,5.8,31,Bangalore,Turning,RCB,0,151
110,4,11.0,59,Delhi,Turning,CSK,0,208
70,1,7.0,53,Delhi,Slow,CSK,0,189
85,6,8.5,50,Chennai,Flat,KKR,0,198
76,3,7.6,32,Chennai,Turning,RCB,0,155
72,4,7.2,61,Delhi,Flat,MI,0,212
87,5,8.7,23,Kolkata,Green,CSK,1,139
53,1,5.3,37,Kolkata,Flat,SRH,1,172
53,6,5.3,58,Delhi,Slow,SRH,1,129
79,2,7.9,29,Kolkata,Turning,CSK,0,134
94,4,9.4,37,Kolkata,Flat,RCB,1,216
50,3,5.0,33,Bangalore,Slow,DC,1,123
110,0,11.0,56,Bangalore,Slow,DC,0,235
77,5,7.7,21,Bangalore,Flat,MI,1,144
66,5,6.6,59,Bangalore,Turning,MI,0,168
74,0,7.4,42,Kolkata,Green,RCB,1,186
47,3,4.7,32,Bangalore,Green,CSK,0,104
101,5,10.1,49,Delhi,Turning,SRH,1,172
91,4,9.1,43,Chennai,Turning,CSK,1,167
79,5,7.9,53,Mumbai,Green,CSK,0,171
85,6,8.5,61,Kolkata,Slow,DC,1,164
98,1,9.8,35,Mumbai,Green,KKR,0,191
91,5,9.1,55,Delhi,Turning,MI,1,176
106,2,10.6,53,Mumbai,Flat,KKR,0,245
45,3,4.5,45,Mumbai,Green,DC,0,123
56,6,5.6,53,Chennai,Slow,SRH,0,122
63,3,6.3,43,Bangalore,Turning,KKR,0,158
98,1,9.8,35,Mumbai,Slow,DC,0,176
105,0,10.5,48,Kolkata,Flat,MI,0,233
105,5,10.5,56,Chennai,Flat,DC,1,213
79,6,7.9,65,Kolkata,Slow,CSK,1,186
104,3,10.4,57,Bangalore,Turning,CSK,1,203
108,2,10.8,40,Mumbai,Flat,SRH,0,230
102,5,10.2,33,Delhi,Flat,RCB,0,190
108,4,10.8,23,Kolkata,Turning,RCB,1,153
96,6,9.6,55,Mumbai,Turning,SRH,1,170
71,4,7.1,21,Mumbai,Flat,DC,1,148
55,1,5.5,35,Kolkata,Slow,DC,0,127
59,5,5.9,62,Kolkata,Flat,DC,1,190
56,4,5.6,54,Chennai,Green,SRH,1,153
57,4,5.7,28,Chennai,Slow,CSK,1,113
49,6,4.9,27,Chennai,Slow,SRH,0,79
106,6,10.6,29,Kolkata,Green,KKR,0,141
80,5,8.0,52,Delhi,Turning,SRH,1,170
50,1,5.0,65,Bangalore,Flat,KKR,1,206
103,4,10.3,59,Delhi,Green,MI,1,202
102,0,10.2,51,Delhi,Green,DC,0,216
66,6,6.6,62,Mumbai,Flat,RCB,1,193
50,5,5.0,40,Delhi,Flat,RCB,0,157
56,4,5.6,50,Kolkata,Green,SRH,1,146
80,2,8.0,22,Bangalore,Turning,SRH,0,123
54,2,5.4,24,Bangalore,Slow,CSK,0,132
64,1,6.4,61,Bangalore,Flat,MI,1,224
101,0,10.1,40,Delhi,Flat,DC,0,225
101,6,10.1,48,Kolkata,Slow,SRH,0,181
63,1,6.3,60,Bangalore,Turning,RCB,1,191
82,2,8.2,46,Delhi,Turning,CSK,0,176
99,5,9.9,47,Bangalore,Flat,CSK,1,201
62,4,6.2,40,Delhi,Green,KKR,0,145
60,2,6.0,57,Delhi,Turning,KKR,0,164
63,5,6.3,48,Mumbai,Flat,SRH,1,186
71,5,7.1,22,Mumbai,Flat,RCB,1,171
83,5,8.3,30,Mumbai,Green,MI,1,132
93,6,9.3,43,Chennai,Turning,DC,1,150
76,4,7.6,47,Delhi,Flat,KKR,0,180
82,6,8.2,44,Delhi,Turning,KKR,0,149
60,2,6.0,60,Kolkata,Turning,SRH,1,168
55,5,5.5,51,Bangalore,Flat,KKR,0,168
45,2,4.5,20,Mumbai,Green,CSK,0,98
54,5,5.4,38,Chennai,Green,RCB,1,131
106,3,10.6,64,Chennai,Turning,SRH,0,207
107,6,10.7,48,Bangalore,Flat,DC,0,210
61,4,6.1,45,Bangalore,Green,MI,0,156
64,3,6.4,60,Bangalore,Flat,SRH,1,209
68,0,6.8,55,Mumbai,Slow,KKR,1,194
60,4,6.0,44,Delhi,Slow,KKR,0,126
62,2,6.2,45,Mumbai,Turning,MI,0,140
61,1,6.1,63,Mumbai,Turning,SRH,0,159
71,5,7.1,48,Delhi,Green,KKR,1,147
47,0,4.7,50,Delhi,Flat,RCB,0,197
83,2,8.3,45,Chennai,Turning,RCB,0,175
66,1,6.6,35,Bangalore,Flat,KKR,1,200
95,2,9.5,47,Bangalore,Green,KKR,0,180
94,1,9.4,51,Mumbai,Slow,MI,0,210
90,5,9.0,61,Delhi,Turning,RCB,0,189
68,3,6.8,63,Delhi,Slow,RCB,0,181
50,0,5.0,33,Kolkata,Turning,CSK,0,135
87,2,8.7,24,Mumbai,Turning,RCB,1,172
96,3,9.6,29,Mumbai,Green,SRH,0,150
105,6,10.5,35,Mumbai,Flat,RCB,1,195
93,5,9.3,64,Chennai,Turning,DC,1,175
70,1,7.0,42,Chennai,Flat,RCB,1,201
104,4,10.4,40,Mumbai,Flat,MI,0,204
46,4,4.6,40,Bangalore,Green,KKR,1,132
100,3,10.0,26,Kolkata,Green,CSK,1,161
51,0,5.1,26,Kolkata,Slow,MI,0,128
71,4,7.1,25,Bangalore,Flat,CSK,1,152
100,3,10.0,54,Delhi,Green,DC,0,206
46,3,4.6,55,Chennai,Slow,CSK,0,145
96,5,9.6,53,Bangalore,Slow,RCB,0,190
103,6,10.3,23,Delhi,Flat,MI,1,188
70,1,7.0,24,Bangalore,Turning,MI,0,125
96,0,9.6,23,Mumbai,Green,CSK,0,183
109,3,10.9,41,Bangalore,Flat,DC,1,237
62,1,6.2,38,Chennai,Flat,RCB,0,167
96,3,9.6,50,Chennai,Flat,RCB,0,212
85,5,8.5,57,Kolkata,Green,CSK,0,180
96,3,9.6,35,Mumbai,Green,MI,0,183
62,2,6.2,22,Chennai,Turning,MI,0,105
67,0,6.7,43,Delhi,Green,DC,0,150
50,6,5.0,24,Chennai,Green,RCB,1,87
73,4,7.3,26,Mumbai,Green,DC,0,120
68,4,6.8,44,Chennai,Green,MI,0,150
77,2,7.7,46,Bangalore,Turning,MI,0,164
68,4,6.8,45,Bangalore,Turning,SRH,1,144
45,1,4.5,36,Kolkata,Slow,KKR,0,126
67,5,6.7,23,Kolkata,Turning,MI,1,120
103,5,10.3,62,Delhi,Green,RCB,1,199
105,6,10.5,34,Bangalore,Slow,CSK,1,175
67,3,6.7,45,Bangalore,Turning,SRH,0,138
107,6,10.7,44,Mumbai,Turning,MI,0,175
98,3,9.8,39,Chennai,Turning,KKR,1,162
76,3,7.6,57,Bangalore,Green,RCB,1,201
79,6,7.9,45,Delhi,Turning,DC,0,130
71,4,7.1,57,Delhi,Green,DC,1,173
76,1,7.6,38,Mumbai,Slow,KKR,0,164
58,2,5.8,50,Chennai,Green,DC,1,163
98,1,9.8,60,Kolkata,Green,RCB,1,215
81,3,8.1,55,Bangalore,Slow,MI,0,188
57,3,5.7,54,Mumbai,Turning,SRH,1,153
75,4,7.5,58,Kolkata,Flat,KKR,0,194
73,5,7.3,52,Chennai,Flat,KKR,0,187
104,0,10.4,21,Mumbai,Flat,KKR,0,207
61,3,6.1,23,Delhi,Green,CSK,0,106
99,6,9.9,50,Kolkata,Flat,SRH,0,192
80,4,8.0,33,Chennai,Green,CSK,1,137
70,4,7.0,39,Delhi,Slow,MI,1,157
80,6,8.0,29,Kolkata,Green,KKR,1,124
96,1,9.6,32,Kolkata,Flat,KKR,0,211
83,0,8.3,33,Delhi,Turning,SRH,0,165
59,1,5.9,61,Delhi,Slow,DC,1,184
103,0,10.3,59,Delhi,Slow,DC,0,222
73,1,7.3,41,Mumbai,Flat,CSK,0,208
94,0,9.4,30,Bangalore,Flat,CSK,1,222
76,4,7.6,58,Bangalore,Flat,CSK,0,194
74,2,7.4,37,Mumbai,Slow,DC,1,173
106,5,10.6,33,Bangalore,Flat,RCB,0,215
78,0,7.8,23,Chennai,Slow,KKR,0,138
54,2,5.4,54,Chennai,Flat,KKR,0,175
55,6,5.5,21,Chennai,Turning,DC,0,90
49,1,4.9,53,Kolkata,Slow,KKR,0,156
49,5,4.9,24,Kolkata,Flat,MI,1,118
60,6,6.0,32,Bangalore,Turning,RCB,1,134
64,0,6.4,33,Bangalore,Green,CSK,1,143
106,4,10.6,62,Chennai,Slow,SRH,0,193
93,0,9.3,25,Bangalore,Slow,CSK,0,186
108,0,10.8,33,Mumbai,Flat,SRH,1,240
47,1,4.7,39,Delhi,Flat,MI,0,161
56,0,5.6,28,Kolkata,Slow,DC,1,135
62,3,6.2,64,Chennai,Green,KKR,1,183
110,2,11.0,51,Delhi,Turning,KKR,0,206
54,1,5.4,55,Chennai,Flat,DC,1,184
59,5,5.9,44,Chennai,Turning,MI,0,127
64,0,6.4,42,Bangalore,Flat,CSK,0,181
87,1,8.7,41,Chennai,Slow,SRH,1,194
68,3,6.8,24,Delhi,Turning,RCB,1,121
86,1,8.6,61,Delhi,Turning,CSK,0,183
91,2,9.1,51,Chennai,Slow,SRH,1,191
90,3,9.0,44,Kolkata,Turning,SRH,0,147
48,2,4.8,26,Kolkata,Turning,KKR,1,108
96,1,9.6,43,Bangalore,Turning,MI,0,190
56,3,5.6,29,Delhi,Slow,MI,1,128
91,0,9.1,36,Delhi,Flat,KKR,0,217
50,0,5.0,38,Bangalore,Flat,MI,0,190
93,4,9.3,61,Delhi,Green,RCB,0,208
110,3,11.0,26,Chennai,Flat,DC,1,194
52,5,5.2,37,Chennai,Slow,MI,0,101
105,3,10.5,30,Mumbai,Flat,CSK,1,216
65,1,6.5,34,Mumbai,Green,MI,0,153
64,2,6.4,20,Kolkata,Turning,KKR,1,132
64,4,6.4,32,Bangalore,Turning,CSK,0,115
56,0,5.6,55,Bangalore,Slow,SRH,0,168
92,6,9.2,26,Chennai,Green,RCB,0,147
85,1,8.5,40,Delhi,Green,MI,0,190
45,6,4.5,47,Bangalore,Flat,DC,1,164
107,4,10.7,22,Kolkata,Slow,SRH,0,138
61,4,6.1,21,Chennai,Flat,RCB,0,145
81,6,8.1,65,Bangalore,Green,RCB,0,188
87,6,8.7,28,Kolkata,Flat,DC,1,154
105,4,10.5,46,Delhi,Turning,DC,0,177
49,1,4.9,25,Kolkata,Green,CSK,1,111
89,3,8.9,55,Chennai,Green,KKR,0,188
63,0,6.3,34,Kolkata,Slow,RCB,0,172
96,4,9.6,56,Chennai,Turning,RCB,1,206
89,3,8.9,43,Kolkata,Turning,DC,0,162
80,1,8.0,56,Chennai,Slow,SRH,1,194
51,5,5.1,39,Bangalore,Green,SRH,1,105
93,0,9.3,23,Delhi,Turning,KKR,1,158
74,3,7.4,37,Bangalore,Slow,CSK,0,151
85,1,8.5,48,Delhi,Flat,MI,1,227
53,2,5.3,57,Kolkata,Flat,MI,1,186
47,4,4.7,37,Mumbai,Slow,DC,1,127
65,5,6.5,59,Delhi,Turning,RCB,1,161
108,6,10.8,31,Bangalore,Flat,SRH,1,196
68,1,6.8,29,Bangalore,Green,MI,1,156
45,6,4.5,22,Bangalore,Flat,KKR,0,110
59,5,5.9,41,Bangalore,Green,KKR,0,125
88,2,8.8,49,Bangalore,Flat,KKR,0,229
108,4,10.8,44,Chennai,Green,RCB,0,183
102,0,10.2,35,Mumbai,Green,DC,0,193
88,5,8.8,58,Bangalore,Turning,MI,0,190
55,2,5.5,60,Kolkata,Green,SRH,1,155
50,2,5.0,21,Mumbai,Slow,KKR,0,129
56,3,5.6,30,Chennai,Slow,RCB,0,132
62,6,6.2,28,Chennai,Turning,CSK,1,98
67,0,6.7,42,Mumbai,Green,KKR,1,176
71,3,7.1,20,Delhi,Green,MI,1,138
49,1,4.9,27,Mumbai,Green,SRH,0,113
90,0,9.0,31,Mumbai,Flat,KKR,0,212
51,0,5.1,56,Mumbai,Green,MI,1,180
73,3,7.3,58,Delhi,Flat,SRH,0,183
52,5,5.2,21,Mumbai,Turning,KKR,0,87
63,1,6.3,41,Delhi,Turning,DC,1,136
110,5,11.0,43,Bangalore,Turning,CSK,1,184
63,1,6.3,20,Bangalore,Turning,DC,0,111
74,0,7.4,44,Delhi,Slow,SRH,0,168
87,3,8.7,38,Delhi,Turning,MI,1,148
60,4,6.0,38,Bangalore,Green,DC,0,143
55,5,5.5,48,Delhi,Slow,KKR,1,135
52,2,5.2,31,Delhi,Slow,CSK,0,110
65,4,6.5,25,Bangalore,Slow,SRH,0,120
54,6,5.4,59,Chennai,Green,MI,0,123
59,3,5.9,50,Kolkata,Slow,CSK,1,160
106,5,10.6,47,Mumbai,Turning,MI,0,169
70,5,7.0,51,Chennai,Turning,SRH,0,123
62,3,6.2,60,Kolkata,Turning,DC,1,158
73,3,7.3,25,Chennai,Turning,MI,1,120
47,0,4.7,21,Mumbai,Slow,RCB,0,135
64,6,6.4,35,Chennai,Green,MI,1,118
89,4,8.9,62,Kolkata,Slow,KKR,0,181
106,6,10.6,54,Bangalore,Flat,KKR,0,228
108,3,10.8,41,Kolkata,Flat,RCB,0,236
62,0,6.2,26,Chennai,Turning,DC,0,137
94,6,9.4,42,Mumbai,Slow,KKR,1,158
100,3,10.0,34,Bangalore,Flat,MI,1,201
80,2,8.0,42,Mumbai,Green,KKR,1,179
95,2,9.5,44,Kolkata,Slow,KKR,1,193
101,4,10.1,38,Kolkata,Slow,MI,0,168
81,5,8.1,43,Chennai,Flat,RCB,1,193
62,2,6.2,20,Delhi,Green,SRH,1,114
94,4,9.4,41,Chennai,Green,DC,0,171
98,6,9.8,28,Delhi,Slow,DC,1,137
74,5,7.4,40,Chennai,Slow,SRH,0,128
79,6,7.9,28,Chennai,Green,SRH,0,108
100,6,10.0,62,Bangalore,Flat,MI,0,235
70,2,7.0,51,Delhi,Flat,RCB,1,209
104,6,10.4,28,Bangalore,Flat,SRH,1,189
51,3,5.1,21,Mumbai,Green,DC,0,89
82,3,8.2,55,Mumbai,Green,MI,1,193
64,5,6.4,23,Kolkata,Turning,RCB,0,115
95,3,9.5,45,Delhi,Flat,KKR,0,206
73,5,7.3,28,Kolkata,Slow,MI,0,116
53,1,5.3,29,Chennai,Flat,DC,1,156
79,1,7.9,44,Bangalore,Green,MI,0,178
102,5,10.2,56,Delhi,Flat,SRH,0,228
96,3,9.6,60,Chennai,Green,KKR,0,207
87,5,8.7,63,Bangalore,Turning,KKR,0,167
92,3,9.2,37,Kolkata,Flat,CSK,0,180
78,4,7.8,43,Chennai,Green,RCB,0,167
45,0,4.5,26,Bangalore,Turning,KKR,0,122
89,6,8.9,53,Chennai,Flat,MI,0,187
77,5,7.7,24,Chennai,Turning,CSK,1,106
53,2,5.3,45,Delhi,Turning,CSK,0,146
87,1,8.7,53,Chennai,Turning,SRH,0,179
84,3,8.4,40,Bangalore,Flat,MI,0,202
46,0,4.6,45,Kolkata,Turning,KKR,1,145
59,3,5.9,48,Kolkata,Turning,CSK,0,152
49,1,4.9,49,Chennai,Slow,SRH,0,146
58,3,5.8,25,Chennai,Turning,SRH,1,105
99,0,9.9,25,Kolkata,Slow,KKR,1,179
70,5,7.0,32,Mumbai,Slow,CSK,1,146
50,5,5.0,40,Chennai,Turning,SRH,0,97
69,2,6.9,42,Kolkata,Flat,SRH,1,181
86,3,8.6,65,Mumbai,Turning,MI,1,215
75,1,7.5,57,Kolkata,Green,RCB,0,189
96,5,9.6,29,Chennai,Slow,DC,1,144
50,0,5.0,63,Bangalore,Turning,KKR,1,182
107,4,10.7,33,Chennai,Green,CSK,0,172
110,2,11.0,33,Mumbai,Slow,MI,1,207
94,3,9.4,57,Kolkata,Green,RCB,1,191
92,6,9.2,65,Chennai,Green,RCB,0,199
92,2,9.2,47,Chennai,Green,CSK,1,193
69,0,6.9,54,Kolkata,Slow,MI,0,193
103,6,10.3,34,Kolkata,Green,KKR,1,158
103,5,10.3,27,Chennai,Turning,MI,1,138
106,5,10.6,52,Delhi,Green,CSK,0,169
101,0,10.1,29,Chennai,Flat,MI,1,204
69,2,6.9,63,Bangalore,Slow,MI,0,190
106,6,10.6,64,Delhi,Slow,CSK,1,217
60,5,6.0,57,Kolkata,Slow,CSK,1,149
100,2,10.0,45,Delhi,Slow,KKR,1,186
93,4,9.3,35,Mumbai,Turning,RCB,0,147
91,1,9.1,30,Bangalore,Green,DC,1,179
91,1,9.1,49,Kolkata,Green,DC,0,175
56,4,5.6,24,Bangalore,Green,SRH,0,105
47,2,4.7,64,Bangalore,Slow,DC,0,165
51,6,5.1,27,Bangalore,Slow,DC,0,86
87,0,8.7,64,Chennai,Flat,CSK,1,248
64,3,6.4,20,Chennai,Flat,MI,1,144
71,5,7.1,36,Delhi,Turning,SRH,1,138
71,1,7.1,40,Bangalore,Green,RCB,1,190
56,4,5.6,31,Chennai,Turning,SRH,1,107
56,6,5.6,36,Delhi,Green,DC,1,116
94,6,9.4,38,Mumbai,Green,CSK,0,137
108,5,10.8,28,Delhi,Slow,RCB,0,178
63,2,6.3,45,Kolkata,Turning,RCB,0,161
108,5,10.8,28,Bangalore,Flat,CSK,0,196
63,0,6.3,54,Delhi,Flat,CSK,1,214
93,6,9.3,21,Bangalore,Flat,SRH,0,159
88,2,8.8,33,Mumbai,Slow,CSK,1,186
70,5,7.0,23,Mumbai,Green,RCB,1,139
72,3,7.2,58,Mumbai,Flat,CSK,0,188
49,4,4.9,23,Kolkata,Green,CSK,1,100
59,5,5.9,20,Bangalore,Flat,MI,0,130
80,0,8.0,41,Kolkata,Green,SRH,0,174
74,0,7.4,36,Mumbai,Slow,KKR,1,163
76,6,7.6,46,Delhi,Green,SRH,0,139
55,1,5.5,28,Delhi,Flat,RCB,1,179
103,5,10.3,36,Delhi,Flat,RCB,0,187
56,0,5.6,42,Kolkata,Green,DC,0,133
100,3,10.0,32,Kolkata,Slow,SRH,1,159
57,4,5.7,57,Chennai,Turning,MI,1,152
74,3,7.4,46,Bangalore,Flat,DC,0,187
107,3,10.7,50,Chennai,Slow,KKR,1,215
61,5,6.1,53,Kolkata,Green,KKR,0,140
90,0,9.0,25,Delhi,Green,KKR,1,160
65,1,6.5,47,Delhi,Slow,KKR,0,171
69,3,6.9,61,Delhi,Flat,KKR,1,198
68,4,6.8,61,Kolkata,Flat,KKR,1,203
75,6,7.5,40,Kolkata,Flat,MI,1,165
106,3,10.6,49,Mumbai,Slow,RCB,1,211
82,0,8.2,55,Mumbai,Turning,DC,0,185
48,0,4.8,65,Bangalore,Flat,KKR,0,224
94,2,9.4,50,Kolkata,Green,SRH,0,199
62,4,6.2,42,Delhi,Turning,CSK,1,120
59,6,5.9,39,Kolkata,Slow,CSK,0,129
91,6,9.1,22,Chennai,Green,RCB,1,139
68,4,6.8,48,Kolkata,Slow,RCB,1,151
74,5,7.4,21,Mumbai,Green,CSK,0,102
64,2,6.4,60,Chennai,Flat,DC,1,211
49,3,4.9,37,Mumbai,Flat,KKR,1,149
68,1,6.8,34,Mumbai,Slow,SRH,0,163
60,5,6.0,55,Chennai,Slow,MI,0,133
108,5,10.8,32,Chennai,Green,RCB,0,179
94,5,9.4,65,Delhi,Green,RCB,1,200
75,3,7.5,60,Bangalore,Flat,DC,1,214
56,6,5.6,61,Bangalore,Turning,KKR,1,160
97,5,9.7,51,Bangalore,Flat,DC,1,214
108,6,10.8,33,Bangalore,Turning,RCB,1,162
77,2,7.7,24,Bangalore,Slow,DC,1,163
98,2,9.8,52,Mumbai,Turning,SRH,0,199
82,4,8.2,34,Bangalore,Slow,DC,0,163
98,6,9.8,51,Mumbai,Slow,KKR,1,185
85,1,8.5,29,Chennai,Slow,KKR,1,167
105,0,10.5,52,Kolkata,Turning,MI,0,220
97,6,9.7,59,Kolkata,Green,DC,1,174
76,6,7.6,47,Kolkata,Turning,SRH,0,129
48,6,4.8,39,Bangalore,Flat,RCB,0,152
67,4,6.7,37,Delhi,Slow,MI,0,127
103,1,10.3,37,Mumbai,Green,SRH,0,193
104,3,10.4,34,Delhi,Green,SRH,1,166
89,5,8.9,60,Chennai,Green,SRH,0,158
98,1,9.8,41,Kolkata,Turning,CSK,1,170
61,5,6.1,64,Chennai,Turning,RCB,0,161
68,4,6.8,26,Bangalore,Green,RCB,0,146
53,1,5.3,49,Kolkata,Turning,DC,0,154
73,6,7.3,51,Kolkata,Turning,MI,0,152
57,0,5.7,29,Mumbai,Turning,SRH,0,123
66,3,6.6,42,Mumbai,Slow,RCB,0,162
100,6,10.0,63,Delhi,Green,DC,1,178
51,4,5.1,43,Delhi,Green,SRH,0,123
89,2,8.9,38,Bangalore,Flat,RCB,1,202
55,4,5.5,34,Bangalore,Flat,CSK,1,161
83,2,8.3,42,Bangalore,Green,DC,1,182
49,6,4.9,46,Mumbai,Slow,MI,0,123
103,1,10.3,35,Delhi,Turning,KKR,0,192
62,6,6.2,25,Bangalore,Slow,RCB,1,132
66,6,6.6,47,Bangalore,Flat,MI,1,161
110,2,11.0,53,Chennai,Slow,KKR,0,196
52,3,5.2,56,Mumbai,Flat,SRH,1,174
47,6,4.7,35,Kolkata,Turning,CSK,1,103
108,0,10.8,39,Bangalore,Flat,DC,1,246
63,6,6.3,28,Delhi,Slow,MI,0,128
67,6,6.7,33,Bangalore,Green,SRH,0,111
109,2,10.9,25,Bangalore,Green,CSK,0,170
76,3,7.6,39,Bangalore,Flat,DC,0,185
67,6,6.7,35,Chennai,Green,RCB,0,123
91,6,9.1,43,Delhi,Slow,KKR,0,163
53,0,5.3,65,Bangalore,Turning,SRH,0,184
81,5,8.1,36,Mumbai,Flat,SRH,0,173
83,1,8.3,47,Kolkata,Turning,MI,0,190
49,5,4.9,61,Mumbai,Slow,KKR,0,155
58,2,5.8,21,Delhi,Green,DC,0,127
104,4,10.4,28,Delhi,Turning,CSK,1,147
65,4,6.5,27,Delhi,Green,DC,0,123
51,5,5.1,52,Delhi,Green,SRH,0,117
57,4,5.7,55,Mumbai,Slow,SRH,0,160
86,3,8.6,33,Delhi,Slow,KKR,0,168
48,2,4.8,28,Kolkata,Slow,KKR,0,118
82,2,8.2,58,Kolkata,Flat,RCB,0,210
77,2,7.7,40,Chennai,Flat,MI,0,177
93,5,9.3,53,Mumbai,Slow,SRH,0,190
72,5,7.2,39,Bangalore,Flat,MI,1,179
96,3,9.6,45,Chennai,Green,DC,0,165
46,4,4.6,33,Bangalore,Slow,DC,1,125
89,2,8.9,60,Chennai,Green,MI,1,203
109,0,10.9,22,Chennai,Green,SRH,0,171
67,0,6.7,23,Bangalore,Flat,MI,0,170
93,0,9.3,26,Kolkata,Turning,MI,0,151
57,1,5.7,54,Kolkata,Green,RCB,0,160
49,6,4.9,55,Mumbai,Flat,DC,1,162
60,5,6.0,60,Delhi,Green,KKR,0,143
56,5,5.6,64,Delhi,Green,DC,1,157
46,3,4.6,52,Kolkata,Turning,DC,1,131
106,1,10.6,22,Chennai,Flat,RCB,0,192
77,5,7.7,65,Chennai,Flat,KKR,0,200
59,3,5.9,35,Bangalore,Turning,CSK,1,120
68,1,6.8,49,Chennai,Turning,CSK,0,170
55,4,5.5,36,Bangalore,Turning,RCB,1,131
105,1,10.5,59,Delhi,Turning,RCB,1,237
59,4,5.9,31,Delhi,Slow,KKR,0,115
101,3,10.1,63,Chennai,Slow,MI,1,208
90,3,9.0,26,Mumbai,Slow,KKR,1,163
73,0,7.3,43,Bangalore,Slow,MI,1,177
70,4,7.0,53,Delhi,Turning,CSK,0,158
62,1,6.2,63,Bangalore,Slow,CSK,1,187
95,3,9.5,31,Delhi,Slow,MI,0,152
82,5,8.2,27,Chennai,Slow,KKR,0,137
83,1,8.3,60,Chennai,Turning,MI,1,197
74,0,7.4,58,Delhi,Slow,MI,1,197
106,0,10.6,36,Delhi,Turning,KKR,1,199
110,3,11.0,21,Mumbai,Slow,SRH,0,150
48,2,4.8,54,Mumbai,Slow,DC,0,150
74,5,7.4,25,Bangalore,Green,DC,0,130
59,5,5.9,61,Mumbai,Slow,CSK,1,156
73,2,7.3,24,Chennai,Turning,CSK,1,136
63,4,6.3,26,Chennai,Slow,MI,0,120
65,2,6.5,50,Chennai,Green,CSK,0,156
59,3,5.9,64,Kolkata,Slow,DC,0,179
106,2,10.6,63,Delhi,Turning,SRH,1,227
81,4,8.1,59,Delhi,Flat,RCB,0,228
62,0,6.2,51,Chennai,Flat,RCB,1,220
87,3,8.7,42,Kolkata,Flat,SRH,0,205
46,3,4.6,24,Delhi,Green,DC,1,101
76,0,7.6,46,Mumbai,Flat,MI,1,233
91,6,9.1,42,Delhi,Green,DC,1,142
98,4,9.8,39,Kolkata,Slow,MI,1,192
109,0,10.9,25,Kolkata,Green,SRH,0,175
66,5,6.6,23,Chennai,Green,DC,0,101
54,3,5.4,51,Bangalore,Green,DC,0,134
94,1,9.4,64,Mumbai,Slow,CSK,0,206
105,4,10.5,53,Bangalore,Turning,SRH,0,197
50,2,5.0,64,Kolkata,Flat,MI,1,206
65,4,6.5,42,Bangalore,Turning,SRH,1,140
73,2,7.3,64,Delhi,Green,DC,0,172
106,6,10.6,37,Mumbai,Green,MI,1,180
88,0,8.8,48,Bangalore,Flat,SRH,0,218
53,5,5.3,36,Delhi,Slow,MI,0,131
68,5,6.8,32,Delhi,Flat,CSK,1,147
78,2,7.8,36,Chennai,Green,DC,1,148
74,0,7.4,40,Delhi,Green,CSK,0,151
105,4,10.5,45,Kolkata,Turning,SRH,0,176
99,5,9.9,62,Bangalore,Turning,SRH,1,182
80,5,8.0,22,Kolkata,Green,DC,0,115
106,5,10.6,32,Bangalore,Flat,KKR,1,202
53,0,5.3,33,Mumbai,Slow,MI,1,152
48,3,4.8,64,Mumbai,Flat,KKR,0,196
82,0,8.2,65,Mumbai,Turning,MI,0,214
66,5,6.6,37,Chennai,Green,CSK,1,131
76,1,7.6,35,Delhi,Turning,RCB,0,148
57,5,5.7,39,Bangalore,Turning,MI,1,137
79,1,7.9,62,Chennai,Green,DC,1,186
92,0,9.2,64,Kolkata,Turning,KKR,1,213
56,0,5.6,62,Kolkata,Slow,DC,0,174
98,2,9.8,20,Kolkata,Turning,CSK,1,151
89,1,8.9,59,Kolkata,Flat,MI,1,224
85,2,8.5,60,Mumbai,Turning,RCB,0,204
52,4,5.2,31,Delhi,Flat,DC,0,122
70,2,7.0,44,Bangalore,Turning,MI,0,146
67,1,6.7,50,Delhi,Slow,KKR,1,183
67,6,6.7,30,Kolkata,Turning,MI,0,111
94,0,9.4,56,Bangalore,Flat,CSK,0,246
47,6,4.7,59,Mumbai,Turning,MI,1,140
64,2,6.4,20,Delhi,Slow,DC,0,123
69,2,6.9,46,Mumbai,Green,RCB,0,184
75,2,7.5,33,Delhi,Turning,CSK,1,144
77,5,7.7,22,Kolkata,Slow,RCB,1,124
81,1,8.1,55,Mumbai,Slow,SRH,0,194
87,2,8.7,21,Delhi,Turning,MI,1,158
47,4,4.7,42,Mumbai,Turning,SRH,1,131
106,6,10.6,60,Chennai,Green,SRH,1,197
99,2,9.9,40,Mumbai,Turning,SRH,0,186
105,3,10.5,41,Chennai,Turning,KKR,0,185
70,0,7.0,22,Kolkata,Turning,RCB,0,144
110,3,11.0,33,Bangalore,Turning,DC,1,185
93,4,9.3,47,Delhi,Slow,SRH,1,177
47,3,4.7,64,Chennai,Slow,DC,0,164
100,4,10.0,23,Chennai,Turning,SRH,1,154
55,0,5.5,21,Mumbai,Turning,DC,1,112
88,3,8.8,50,Bangalore,Slow,KKR,1,178
88,0,8.8,54,Kolkata,Slow,CSK,0,199
107,5,10.7,38,Bangalore,Green,MI,1,188
71,2,7.1,59,Delhi,Turning,CSK,1,171
47,5,4.7,41,Delhi,Slow,DC,0,114
88,2,8.8,22,Mumbai,Turning,MI,1,139
105,6,10.5,64,Kolkata,Green,RCB,1,194
83,0,8.3,28,Bangalore,Flat,DC,0,195
86,6,8.6,65,Delhi,Slow,DC,0,188
93,6,9.3,39,Kolkata,Flat,DC,1,189
76,4,7.6,61,Bangalore,Green,DC,1,192
51,5,5.1,44,Mumbai,Turning,SRH,1,111
47,5,4.7,25,Chennai,Flat,MI,1,128
93,4,9.3,41,Chennai,Green,CSK,1,169
109,6,10.9,43,Mumbai,Slow,KKR,1,185
93,6,9.3,50,Chennai,Green,KKR,1,164
63,0,6.3,32,Delhi,Green,RCB,1,166
81,1,8.1,60,Kolkata,Turning,KKR,1,203
76,1,7.6,26,Kolkata,Flat,DC,0,163
73,2,7.3,48,Delhi,Flat,KKR,0,195
73,6,7.3,27,Delhi,Turning,RCB,1,121
104,3,10.4,31,Delhi,Green,KKR,0,184
95,3,9.5,54,Bangalore,Flat,SRH,1,236
108,2,10.8,51,Bangalore,Turning,DC,1,211
75,2,7.5,52,Bangalore,Green,SRH,1,191
69,3,6.9,49,Bangalore,Flat,MI,1,197
104,3,10.4,55,Delhi,Turning,CSK,1,210
64,0,6.4,50,Delhi,Slow,RCB,0,178
101,2,10.1,32,Bangalore,Flat,CSK,1,220
105,6,10.5,33,Mumbai,Flat,SRH,0,192
49,5,4.9,65,Chennai,Turning,DC,0,144
97,2,9.7,45,Bangalore,Green,MI,1,206
78,2,7.8,35,Kolkata,Turning,DC,1,145
76,2,7.6,31,Mumbai,Green,KKR,1,141
46,6,4.6,22,Bangalore,Slow,CSK,0,76
52,5,5.2,35,Bangalore,Turning,KKR,0,98
109,4,10.9,57,Delhi,Turning,CSK,0,196
58,5,5.8,40,Kolkata,Green,DC,1,133
80,3,8.0,47,Chennai,Turning,DC,1,158
102,3,10.2,25,Kolkata,Slow,SRH,1,169
45,2,4.5,49,Kolkata,Slow,KKR,1,150
63,5,6.3,59,Chennai,Turning,DC,0,136
96,2,9.6,58,Kolkata,Turning,CSK,0,186
66,5,6.6,34,Mumbai,Flat,DC,0,155
68,3,6.8,47,Bangalore,Flat,RCB,1,212
106,5,10.6,35,Kolkata,Slow,MI,0,157
77,0,7.7,42,Chennai,Green,CSK,1,170
49,2,4.9,51,Bangalore,Slow,MI,0,160
56,2,5.6,49,Kolkata,Turning,MI,1,150
83,6,8.3,39,Mumbai,Flat,MI,1,184
78,2,7.8,26,Chennai,Green,DC,0,145
109,3,10.9,61,Mumbai,Turning,CSK,1,211
84,6,8.4,51,Delhi,Turning,CSK,0,136
71,2,7.1,24,Kolkata,Green,CSK,0,125
110,2,11.0,32,Bangalore,Slow,RCB,0,196
71,4,7.1,53,Kolkata,Turning,DC,0,156
60,3,6.0,55,Kolkata,Turning,RCB,0,167
83,5,8.3,63,Chennai,Green,SRH,1,169
91,6,9.1,53,Chennai,Slow,KKR,1,182
67,1,6.7,54,Mumbai,Flat,SRH,0,196
56,4,5.6,65,Chennai,Flat,MI,0,199
78,6,7.8,44,Mumbai,Turning,MI,0,136
65,0,6.5,64,Kolkata,Turning,SRH,1,193
75,6,7.5,23,Kolkata,Flat,MI,0,144
85,1,8.5,50,Mumbai,Turning,CSK,0,176
96,0,9.6,32,Mumbai,Flat,RCB,1,221
70,6,7.0,23,Chennai,Turning,MI,0,91
52,6,5.2,39,Bangalore,Flat,KKR,1,152
56,5,5.6,65,Chennai,Flat,SRH,1,176
83,5,8.3,40,Bangalore,Slow,KKR,1,155
84,2,8.4,39,Chennai,Green,SRH,0,146
97,4,9.7,58,Bangalore,Turning,MI,0,191
84,5,8.4,25,Kolkata,Flat,CSK,1,148
93,5,9.3,44,Kolkata,Flat,CSK,0,202
61,1,6.1,62,Bangalore,Green,DC,0,177
63,3,6.3,52,Mumbai,Green,DC,0,159
108,2,10.8,60,Delhi,Green,DC,1,229
93,1,9.3,21,Kolkata,Green,DC,1,157
56,5,5.6,20,Chennai,Turning,SRH,0,70
90,3,9.0,28,Mumbai,Slow,CSK,0,146
63,0,6.3,22,Delhi,Turning,SRH,1,134
108,5,10.8,28,Bangalore,Green,SRH,1,177
60,1,6.0,59,Bangalore,Flat,RCB,1,211
50,2,5.0,63,Kolkata,Flat,DC,0,202
96,0,9.6,44,Chennai,Turning,SRH,0,172
68,2,6.8,20,Delhi,Turning,RCB,1,125
102,6,10.2,45,Kolkata,Turning,CSK,0,151
55,5,5.5,52,Kolkata,Turning,KKR,1,149
78,1,7.8,22,Chennai,Slow,RCB,1,155
62,1,6.2,52,Kolkata,Slow,SRH,1,178
93,2,9.3,47,Kolkata,Green,CSK,0,178
51,3,5.1,61,Mumbai,Green,SRH,0,166
56,0,5.6,32,Kolkata,Slow,CSK,1,146
80,5,8.0,48,Chennai,Flat,MI,0,175
87,0,8.7,36,Kolkata,Turning,DC,0,169
66,5,6.6,56,Bangalore,Turning,CSK,0,142
103,6,10.3,56,Chennai,Turning,MI,1,180
61,4,6.1,35,Kolkata,Turning,CSK,1,121
72,5,7.2,23,Kolkata,Turning,DC,0,94
95,3,9.5,20,Kolkata,Turning,SRH,1,151
97,6,9.7,41,Delhi,Green,SRH,0,148
68,6,6.8,30,Kolkata,Green,DC,0,118
59,4,5.9,33,Mumbai,Green,RCB,0,116
100,4,10.0,52,Bangalore,Slow,SRH,1,203
99,3,9.9,46,Delhi,Flat,SRH,1,207
86,6,8.6,55,Mumbai,Slow,RCB,1,187
86,6,8.6,56,Delhi,Turning,MI,0,155
90,5,9.0,32,Chennai,Slow,RCB,1,164
87,4,8.7,60,Mumbai,Slow,RCB,1,218
80,0,8.0,63,Chennai,Turning,SRH,1,202
65,3,6.5,48,Bangalore,Flat,DC,0,193
108,3,10.8,36,Bangalore,Green,RCB,1,193
85,0,8.5,42,Delhi,Turning,CSK,1,179
99,1,9.9,20,Chennai,Green,RCB,0,151
59,3,5.9,32,Chennai,Flat,DC,1,156
105,5,10.5,60,Mumbai,Green,RCB,0,194
80,6,8.0,54,Mumbai,Turning,DC,0,151
93,3,9.3,55,Chennai,Turning,KKR,0,196
55,6,5.5,60,Kolkata,Flat,RCB,0,186
71,1,7.1,39,Kolkata,Flat,CSK,1,201
73,3,7.3,35,Bangalore,Slow,KKR,1,146
89,2,8.9,36,Bangalore,Slow,CSK,1,171
64,3,6.4,22,Kolkata,Slow,KKR,1,140
96,5,9.6,64,Mumbai,Slow,MI,0,207
87,5,8.7,33,Delhi,Turning,SRH,0,121
64,5,6.4,53,Bangalore,Slow,KKR,0,166
109,2,10.9,22,Mumbai,Flat,RCB,1,221
72,4,7.2,35,Chennai,Slow,KKR,1,155
85,4,8.5,28,Chennai,Green,KKR,0,135
78,1,7.8,58,Bangalore,Slow,KKR,1,199
95,0,9.5,48,Kolkata,Flat,KKR,1,221
57,4,5.7,52,Chennai,Slow,KKR,1,146
53,1,5.3,56,Bangalore,Turning,CSK,1,169
66,2,6.6,33,Chennai,Slow,RCB,0,149
76,4,7.6,61,Bangalore,Slow,RCB,1,195
100,2,10.0,44,Bangalore,Flat,KKR,0,219
86,2,8.6,59,Bangalore,Green,DC,1,192
100,4,10.0,50,Delhi,Flat,RCB,1,236
67,1,6.7,20,Kolkata,Turning,SRH,0,119
96,5,9.6,35,Bangalore,Flat,RCB,0,192
104,3,10.4,27,Chennai,Flat,CSK,0,202
87,5,8.7,36,Delhi,Slow,MI,1,163
78,1,7.8,62,Chennai,Turning,DC,1,177
67,2,6.7,43,Delhi,Turning,KKR,1,142
73,2,7.3,37,Delhi,Turning,CSK,1,151
87,5,8.7,43,Delhi,Green,SRH,1,145
75,6,7.5,29,Kolkata,Turning,RCB,1,127
47,6,4.7,63,Kolkata,Turning,KKR,1,146
107,2,10.7,52,Chennai,Slow,KKR,0,196
78,5,7.8,60,Chennai,Green,KKR,0,157
72,5,7.2,61,Bangalore,Slow,CSK,1,161
104,0,10.4,36,Delhi,Slow,DC,0,188
108,5,10.8,57,Delhi,Green,RCB,0,204
89,5,8.9,40,Kolkata,Turning,CSK,0,145
81,2,8.1,65,Delhi,Flat,CSK,1,214
69,4,6.9,44,Chennai,Flat,CSK,1,169
48,5,4.8,22,Chennai,Slow,DC,0,102
94,3,9.4,56,Bangalore,Flat,KKR,1,239
67,4,6.7,40,Bangalore,Flat,KKR,0,161
91,4,9.1,35,Kolkata,Slow,KKR,1,170
76,2,7.6,32,Delhi,Slow,MI,1,174
90,5,9.0,53,Kolkata,Slow,CSK,1,164
103,1,10.3,28,Kolkata,Green,RCB,0,197
72,1,7.2,42,Chennai,Green,SRH,0,142
79,1,7.9,23,Kolkata,Slow,RCB,0,157
84,4,8.4,34,Delhi,Slow,DC,0,143
106,5,10.6,56,Delhi,Slow,CSK,1,200
47,1,4.7,65,Chennai,Flat,KKR,0,205
91,6,9.1,60,Delhi,Turning,SRH,0,163
48,4,4.8,31,Bangalore,Green,DC,1,105
105,6,10.5,57,Bangalore,Flat,MI,1,226
58,0,5.8,28,Mumbai,Green,MI,0,135
66,2,6.6,30,Delhi,Flat,CSK,1,178
63,6,6.3,41,Kolkata,Turning,KKR,1,121
78,5,7.8,60,Bangalore,Slow,RCB,0,176
92,5,9.2,40,Bangalore,Turning,CSK,0,155
57,6,5.7,64,Kolkata,Turning,CSK,0,135
102,1,10.2,52,Chennai,Turning,MI,0,191
57,5,5.7,57,Mumbai,Slow,DC,1,154
83,6,8.3,26,Kolkata,Turning,KKR,0,111
93,5,9.3,28,Mumbai,Flat,CSK,1,183
76,1,7.6,35,Bangalore,Turning,CSK,0,144
68,3,6.8,30,Kolkata,Green,KKR,0,122
45,4,4.5,50,Delhi,Turning,KKR,1,115
46,3,4.6,62,Delhi,Slow,CSK,0,163
104,3,10.4,29,Kolkata,Turning,CSK,1,160
106,5,10.6,24,Delhi,Green,CSK,1,141
50,2,5.0,54,Kolkata,Slow,SRH,0,156
83,0,8.3,52,Delhi,Green,CSK,0,204
65,3,6.5,39,Bangalore,Slow,RCB,1,162
83,0,8.3,57,Kolkata,Flat,KKR,0,224
74,4,7.4,63,Chennai,Slow,RCB,0,198
107,5,10.7,20,Mumbai,Turning,MI,1,162
59,5,5.9,58,Delhi,Flat,CSK,0,182
92,4,9.2,56,Chennai,Green,KKR,0,183
95,3,9.5,20,Delhi,Turning,MI,0,158
87,1,8.7,24,Kolkata,Green,DC,1,163
62,6,6.2,41,Mumbai,Slow,CSK,0,117
59,3,5.9,56,Chennai,Slow,RCB,1,171
46,1,4.6,58,Mumbai,Green,RCB,0,177
109,6,10.9,39,Mumbai,Flat,CSK,1,197
102,1,10.2,40,Chennai,Slow,RCB,1,218
77,3,7.7,56,Mumbai,Turning,CSK,0,182
65,5,6.5,25,Bangalore,Flat,CSK,0,156
76,1,7.6,25,Kolkata,Turning,RCB,1,154
46,1,4.6,41,Kolkata,Slow,CSK,1,156
108,0,10.8,51,Chennai,Green,CSK,1,214
109,3,10.9,23,Kolkata,Turning,CSK,0,148
93,0,9.3,41,Chennai,Slow,RCB,0,207
86,1,8.6,35,Delhi,Slow,SRH,1,162
103,6,10.3,45,Delhi,Slow,DC,1,186
52,0,5.2,44,Bangalore,Green,RCB,1,184
103,5,10.3,60,Mumbai,Flat,DC,1,236
75,0,7.5,34,Mumbai,Green,RCB,1,185
102,2,10.2,51,Bangalore,Turning,CSK,0,190
80,4,8.0,22,Kolkata,Turning,DC,1,130
72,6,7.2,27,Kolkata,Flat,RCB,1,140
88,6,8.8,38,Mumbai,Slow,CSK,1,158
91,6,9.1,57,Bangalore,Slow,KKR,0,170
58,0,5.8,50,Kolkata,Slow,KKR,1,188
102,2,10.2,38,Bangalore,Slow,RCB,1,193
110,4,11.0,49,Mumbai,Green,KKR,0,189
109,2,10.9,37,Chennai,Green,SRH,0,183
109,2,10.9,63,Delhi,Turning,DC,1,203
100,3,10.0,57,Kolkata,Green,DC,1,186
72,4,7.2,28,Delhi,Slow,CSK,1,147
101,3,10.1,48,Kolkata,Turning,KKR,0,191
71,4,7.1,56,Delhi,Green,KKR,0,163
104,4,10.4,31,Delhi,Flat,DC,0,175
101,6,10.1,35,Bangalore,Flat,MI,1,186
68,5,6.8,22,Delhi,Green,RCB,0,107
74,1,7.4,63,Mumbai,Flat,MI,0,231
74,2,7.4,37,Delhi,Flat,KKR,0,194
93,4,9.3,36,Mumbai,Flat,KKR,1,201
61,1,6.1,41,Delhi,Slow,RCB,0,167
84,0,8.4,28,Kolkata,Turning,MI,1,171
51,0,5.1,44,Bangalore,Turning,SRH,1,145
106,6,10.6,41,Mumbai,Flat,CSK,0,189
66,2,6.6,42,Bangalore,Green,SRH,0,147
76,3,7.6,46,Bangalore,Green,RCB,1,188
48,3,4.8,55,Delhi,Slow,SRH,1,134
68,0,6.8,34,Kolkata,Green,MI,0,148
54,3,5.4,22,Chennai,Turning,SRH,1,114
98,1,9.8,57,Kolkata,Green,SRH,1,211
106,1,10.6,53,Delhi,Green,DC,0,201
65,6,6.5,39,Kolkata,Turning,KKR,0,119
59,3,5.9,62,Kolkata,Slow,RCB,1,168
99,0,9.9,35,Mumbai,Green,SRH,0,185
45,0,4.5,40,Chennai,Flat,MI,1,167
88,5,8.8,25,Mumbai,Flat,MI,0,176
45,0,4.5,51,Bangalore,Turning,RCB,1,153
95,2,9.5,53,Delhi,Green,DC,0,177
79,3,7.9,46,Mumbai,Slow,RCB,0,187
57,2,5.7,30,Delhi,Slow,RCB,1,134
51,1,5.1,45,Chennai,Slow,SRH,1,142
69,1,6.9,20,Kolkata,Turning,SRH,1,115
75,5,7.5,55,Mumbai,Slow,SRH,0,160
51,6,5.1,25,Bangalore,Turning,KKR,0,82
62,3,6.2,51,Chennai,Turning,DC,1,147
57,4,5.7,60,Delhi,Flat,CSK,1,172
58,4,5.8,47,Delhi,Slow,DC,0,124
61,2,6.1,24,Kolkata,Green,CSK,0,131
64,4,6.4,42,Mumbai,Green,MI,0,145
102,6,10.2,20,Bangalore,Green,KKR,1,146
65,4,6.5,26,Bangalore,Turning,RCB,0,112
99,6,9.9,33,Kolkata,Slow,CSK,1,159
66,0,6.6,49,Bangalore,Slow,RCB,0,200
84,1,8.4,39,Kolkata,Slow,MI,1,172
94,1,9.4,42,Kolkata,Flat,SRH,0,216
53,1,5.3,39,Kolkata,Slow,DC,1,137
100,5,10.0,49,Delhi,Green,RCB,1,180
84,1,8.4,60,Bangalore,Turning,SRH,1,200
108,1,10.8,58,Delhi,Turning,KKR,0,210
96,6,9.6,65,Bangalore,Green,SRH,0,198
65,4,6.5,56,Chennai,Green,RCB,0,165
82,1,8.2,38,Delhi,Slow,CSK,0,178
51,4,5.1,38,Chennai,Flat,KKR,1,151
74,3,7.4,46,Mumbai,Turning,MI,1,160
62,1,6.2,43,Bangalore,Green,CSK,0,155
74,0,7.4,58,Chennai,Turning,DC,0,194
57,5,5.7,41,Mumbai,Slow,MI,0,148
59,6,5.9,49,Mumbai,Green,KKR,1,151
53,2,5.3,51,Bangalore,Slow,SRH,0,168
46,5,4.6,24,Kolkata,Turning,MI,0,77
87,4,8.7,53,Bangalore,Slow,RCB,0,182
76,6,7.6,61,Bangalore,Slow,DC,1,187
106,6,10.6,50,Chennai,Turning,MI,0,181
66,1,6.6,47,Mumbai,Turning,KKR,0,159
86,0,8.6,22,Mumbai,Green,SRH,0,158
49,5,4.9,60,Chennai,Slow,RCB,1,151
53,6,5.3,61,Bangalore,Turning,MI,1,147
107,1,10.7,65,Bangalore,Turning,RCB,0,242
81,1,8.1,61,Mumbai,Flat,KKR,1,239
63,5,6.3,65,Chennai,Slow,KKR,1,177
79,4,7.9,34,Kolkata,Green,RCB,0,154
96,4,9.6,21,Bangalore,Turning,MI,0,154
89,1,8.9,52,Delhi,Green,RCB,1,197
76,6,7.6,52,Chennai,Green,MI,0,163
106,1,10.6,37,Bangalore,Green,DC,0,178
68,1,6.8,47,Bangalore,Flat,MI,0,197
105,2,10.5,21,Kolkata,Turning,MI,1,154
52,1,5.2,34,Bangalore,Flat,RCB,0,172
51,1,5.1,35,Mumbai,Turning,CSK,0,128
56,2,5.6,42,Bangalore,Slow,CSK,1,159
51,2,5.1,29,Mumbai,Turning,RCB,1,123
54,0,5.4,57,Kolkata,Green,RCB,1,194
56,1,5.6,40,Mumbai,Flat,KKR,0,180
56,6,5.6,35,Bangalore,Flat,RCB,0,158
84,4,8.4,36,Chennai,Slow,CSK,1,160
108,6,10.8,40,Bangalore,Slow,CSK,1,177
74,1,7.4,52,Mumbai,Turning,KKR,0,161
100,0,10.0,46,Mumbai,Flat,DC,1,249
100,1,10.0,40,Mumbai,Flat,CSK,1,222
54,2,5.4,22,Bangalore,Green,CSK,1,125
94,4,9.4,42,Delhi,Slow,KKR,0,167
69,5,6.9,33,Delhi,Flat,SRH,0,158
49,0,4.9,22,Chennai,Turning,KKR,0,124
51,5,5.1,33,Kolkata,Green,KKR,0,108
71,0,7.1,37,Delhi,Flat,KKR,0,194
59,3,5.9,52,Delhi,Turning,CSK,1,163
98,4,9.8,22,Bangalore,Flat,DC,1,177
96,6,9.6,55,Kolkata,Green,KKR,1,168
49,0,4.9,50,Mumbai,Slow,MI,0,174
59,5,5.9,62,Bangalore,Slow,MI,0,164
71,2,7.1,46,Bangalore,Flat,KKR,0,205
48,4,4.8,34,Chennai,Slow,SRH,1,127
92,0,9.2,61,Bangalore,Turning,RCB,0,219
104,0,10.4,36,Delhi,Slow,RCB,0,221
100,3,10.0,53,Kolkata,Slow,KKR,1,190
88,6,8.8,51,Chennai,Flat,KKR,1,189
100,0,10.0,42,Kolkata,Turning,KKR,0,185
76,6,7.6,25,Kolkata,Flat,DC,1,136
63,0,6.3,22,Mumbai,Turning,SRH,1,130
87,6,8.7,33,Mumbai,Slow,DC,1,145
75,0,7.5,63,Mumbai,Flat,KKR,1,244
106,0,10.6,57,Mumbai,Slow,CSK,1,227
106,5,10.6,29,Chennai,Flat,MI,1,196
52,1,5.2,43,Bangalore,Turning,RCB,0,158
52,2,5.2,38,Kolkata,Flat,SRH,0,162
71,4,7.1,51,Delhi,Slow,MI,1,157
84,3,8.4,26,Delhi,Green,CSK,0,150
81,1,8.1,53,Mumbai,Flat,CSK,0,219
55,2,5.5,34,Bangalore,Green,SRH,1,139
73,0,7.3,51,Bangalore,Flat,KKR,1,217
79,3,7.9,44,Mumbai,Slow,DC,0,161
57,4,5.7,58,Delhi,Green,MI,1,147
102,6,10.2,40,Delhi,Flat,CSK,0,177
76,0,7.6,28,Mumbai,Turning,CSK,1,152
104,3,10.4,26,Mumbai,Turning,CSK,1,163
50,6,5.0,36,Chennai,Green,SRH,0,90
53,3,5.3,45,Delhi,Flat,DC,0,174
68,1,6.8,57,Mumbai,Slow,SRH,1,196
80,3,8.0,60,Kolkata,Flat,SRH,1,222
69,3,6.9,25,Bangalore,Green,KKR,1,140
86,6,8.6,55,Bangalore,Turning,RCB,0,156
63,1,6.3,36,Kolkata,Green,RCB,1,149
54,1,5.4,49,Mumbai,Slow,CSK,1,160
50,1,5.0,24,Chennai,Flat,DC,0,137
93,5,9.3,57,Chennai,Turning,CSK,0,174
97,0,9.7,44,Chennai,Flat,RCB,1,249
56,6,5.6,52,Kolkata,Flat,CSK,0,164
85,6,8.5,44,Kolkata,Green,RCB,1,158
72,2,7.2,24,Chennai,Green,RCB,0,130
56,1,5.6,24,Kolkata,Flat,CSK,0,144
46,2,4.6,25,Mumbai,Green,RCB,0,118
45,2,4.5,39,Delhi,Flat,SRH,1,155
45,4,4.5,37,Chennai,Slow,KKR,0,107
109,3,10.9,53,Mumbai,Flat,CSK,0,220
78,6,7.8,42,Delhi,Turning,RCB,1,136
64,3,6.4,40,Delhi,Turning,CSK,1,146
79,0,7.9,34,Mumbai,Slow,RCB,1,190
102,0,10.2,58,Mumbai,Green,SRH,0,225
74,3,7.4,59,Bangalore,Flat,MI,1,233
83,0,8.3,20,Delhi,Flat,MI,0,182
102,2,10.2,34,Chennai,Flat,RCB,1,229
95,1,9.5,25,Chennai,Flat,CSK,1,198
87,2,8.7,46,Chennai,Green,RCB,0,178
49,3,4.9,38,Chennai,Flat,RCB,1,156
96,3,9.6,58,Bangalore,Slow,DC,1,208
77,4,7.7,24,Delhi,Flat,DC,0,150
58,0,5.8,23,Delhi,Slow,CSK,0,132
107,6,10.7,34,Delhi,Turning,SRH,1,157
70,6,7.0,32,Chennai,Slow,SRH,0,103
54,3,5.4,26,Kolkata,Slow,CSK,0,107
48,1,4.8,25,Bangalore,Turning,RCB,0,140
90,2,9.0,57,Delhi,Slow,RCB,0,199
74,5,7.4,62,Kolkata,Turning,DC,1,169
88,2,8.8,30,Mumbai,Flat,KKR,0,202
72,5,7.2,34,Bangalore,Green,CSK,0,125
68,3,6.8,60,Delhi,Turning,MI,1,180
59,5,5.9,59,Delhi,Slow,MI,0,155
72,4,7.2,39,Delhi,Green,RCB,1,161
64,1,6.4,55,Bangalore,Slow,RCB,0,200
64,6,6.4,50,Delhi,Slow,DC,0,130
55,1,5.5,37,Kolkata,Green,CSK,1,155
94,3,9.4,22,Delhi,Flat,RCB,1,192
57,3,5.7,34,Bangalore,Slow,SRH,0,119
60,3,6.0,28,Bangalore,Flat,KKR,0,170
92,6,9.2,36,Delhi,Turning,KKR,0,152
102,0,10.2,26,Bangalore,Turning,RCB,1,176
74,4,7.4,65,Mumbai,Turning,DC,0,171
57,5,5.7,54,Delhi,Slow,DC,0,137
86,1,8.6,58,Chennai,Turning,CSK,0,184
51,0,5.1,23,Chennai,Flat,DC,0,133
86,3,8.6,24,Delhi,Flat,SRH,1,163
78,6,7.8,36,Kolkata,Flat,MI,0,175
74,0,7.4,23,Kolkata,Green,DC,0,143
83,5,8.3,44,Kolkata,Flat,DC,1,183
61,1,6.1,63,Mumbai,Flat,CSK,1,220
78,4,7.8,27,Delhi,Slow,DC,0,138
97,6,9.7,43,Bangalore,Slow,CSK,0,156
54,6,5.4,53,Kolkata,Green,MI,0,129
72,6,7.2,25,Kolkata,Slow,RCB,0,122
94,0,9.4,60,Mumbai,Flat,MI,0,248
78,6,7.8,27,Delhi,Green,KKR,0,115
53,3,5.3,49,Delhi,Turning,CSK,0,123
73,6,7.3,56,Chennai,Green,DC,0,140
62,6,6.2,54,Mumbai,Slow,KKR,0,137
93,4,9.3,35,Delhi,Turning,SRH,1,164
66,1,6.6,40,Mumbai,Slow,RCB,1,168
80,6,8.0,35,Delhi,Slow,SRH,0,144
59,0,5.9,39,Mumbai,Green,CSK,1,150
48,4,4.8,65,Kolkata,Flat,RCB,1,192
55,6,5.5,41,Bangalore,Turning,SRH,0,119
94,5,9.4,30,Delhi,Slow,SRH,0,136
90,4,9.0,26,Mumbai,Flat,DC,1,191
94,1,9.4,49,Mumbai,Flat,KKR,0,240
95,3,9.5,21,Mumbai,Green,MI,1,158
83,0,8.3,54,Chennai,Green,SRH,1,188
107,3,10.7,34,Delhi,Green,SRH,1,176
85,6,8.5,42,Chennai,Green,RCB,1,148
55,0,5.5,24,Delhi,Green,KKR,1,119
72,5,7.2,53,Delhi,Green,RCB,1,181
104,6,10.4,47,Chennai,Flat,MI,1,220
82,5,8.2,30,Mumbai,Green,CSK,0,136
50,2,5.0,45,Mumbai,Flat,DC,0,171
66,5,6.6,36,Kolkata,Green,SRH,1,117
66,6,6.6,27,Chennai,Slow,DC,0,92
66,5,6.6,48,Mumbai,Slow,RCB,1,163
89,1,8.9,31,Chennai,Slow,MI,0,157
102,6,10.2,21,Kolkata,Turning,MI,1,130
53,3,5.3,63,Mumbai,Slow,SRH,1,176
71,5,7.1,45,Bangalore,Flat,MI,1,180
87,0,8.7,63,Chennai,Flat,RCB,0,231
110,0,11.0,59,Bangalore,Turning,DC,0,215
99,1,9.9,33,Chennai,Flat,MI,1,197
102,1,10.2,28,Mumbai,Turning,CSK,0,178
74,0,7.4,65,Mumbai,Turning,DC,0,208
80,1,8.0,49,Bangalore,Green,SRH,0,179
63,6,6.3,55,Chennai,Flat,KKR,1,165
60,3,6.0,47,Kolkata,Slow,SRH,1,158
84,0,8.4,35,Mumbai,Flat,RCB,1,210
77,0,7.7,21,Delhi,Flat,KKR,1,175
104,0,10.4,21,Kolkata,Turning,RCB,1,182
48,0,4.8,41,Chennai,Slow,KKR,1,140
97,6,9.7,64,Mumbai,Flat,SRH,0,209
57,0,5.7,42,Chennai,Turning,CSK,1,152
98,0,9.8,32,Chennai,Turning,MI,1,177
65,5,6.5,35,Mumbai,Green,DC,0,117
109,6,10.9,55,Mumbai,Slow,DC,1,201
83,1,8.3,42,Bangalore,Flat,DC,1,211
96,1,9.6,41,Mumbai,Turning,CSK,0,168
59,2,5.9,30,Bangalore,Turning,SRH,1,140
68,3,6.8,48,Kolkata,Green,KKR,0,146
55,3,5.5,37,Kolkata,Flat,MI,0,152
90,6,9.0,54,Kolkata,Flat,DC,1,185
100,0,10.0,39,Mumbai,Green,SRH,0,187
87,5,8.7,38,Bangalore,Green,CSK,1,164
90,4,9.0,46,Delhi,Turning,KKR,1,173
56,0,5.6,63,Mumbai,Slow,SRH,0,168
84,6,8.4,41,Delhi,Slow,MI,1,168
77,2,7.7,63,Chennai,Flat,KKR,0,218
90,4,9.0,56,Delhi,Flat,CSK,1,220
66,1,6.6,27,Mumbai,Green,KKR,1,132
45,4,4.5,32,Bangalore,Slow,KKR,0,105
109,5,10.9,56,Kolkata,Green,CSK,1,189
94,0,9.4,27,Mumbai,Slow,SRH,0,174
58,5,5.8,41,Delhi,Flat,MI,0,157
107,5,10.7,54,Kolkata,Turning,MI,1,199
110,3,11.0,52,Chennai,Turning,MI,1,198
76,0,7.6,65,Kolkata,Flat,DC,0,228
75,3,7.5,57,Bangalore,Turning,RCB,1,185
77,6,7.7,39,Bangalore,Flat,CSK,1,169
66,5,6.6,47,Mumbai,Slow,DC,1,143
74,2,7.4,48,Bangalore,Flat,DC,1,188
78,1,7.8,41,Kolkata,Green,SRH,1,182
51,3,5.1,58,Kolkata,Slow,RCB,1,166
109,6,10.9,34,Delhi,Turning,KKR,0,152
106,4,10.6,39,Mumbai,Turning,DC,0,169
71,0,7.1,48,Chennai,Slow,KKR,1,171
69,2,6.9,62,Chennai,Flat,KKR,0,204
65,1,6.5,32,Mumbai,Turning,RCB,0,140
69,3,6.9,57,Kolkata,Turning,MI,1,175
50,5,5.0,31,Mumbai,Flat,MI,1,138
70,1,7.0,49,Mumbai,Turning,DC,1,179
60,2,6.0,59,Delhi,Green,RCB,0,166
62,1,6.2,35,Bangalore,Slow,KKR,0,148
99,6,9.9,59,Bangalore,Flat,SRH,0,220
90,2,9.0,43,Bangalore,Slow,CSK,0,170
50,3,5.0,27,Delhi,Turning,CSK,0,100
84,2,8.4,43,Kolkata,Turning,KKR,1,158
65,0,6.5,55,Kolkata,Green,DC,0,189
63,3,6.3,63,Chennai,Slow,RCB,0,177
96,0,9.6,29,Mumbai,Green,SRH,0,179
48,2,4.8,44,Bangalore,Turning,KKR,1,133
45,2,4.5,43,Bangalore,Turning,RCB,1,130
61,3,6.1,33,Bangalore,Slow,CSK,1,141
107,6,10.7,54,Kolkata,Turning,MI,0,185
62,3,6.2,46,Mumbai,Flat,RCB,1,177
48,4,4.8,31,Mumbai,Slow,SRH,1,123
63,3,6.3,56,Chennai,Green,DC,0,142
52,4,5.2,48,Bangalore,Turning,DC,0,126
58,3,5.8,58,Chennai,Slow,DC,1,146
53,2,5.3,63,Chennai,Green,CSK,0,150
71,2,7.1,39,Kolkata,Flat,KKR,1,190
105,1,10.5,27,Delhi,Green,DC,0,175
69,5,6.9,35,Mumbai,Flat,DC,0,159
93,6,9.3,61,Kolkata,Green,CSK,0,187
88,1,8.8,21,Delhi,Flat,MI,0,198
98,0,9.8,23,Kolkata,Green,MI,0,177
104,3,10.4,37,Mumbai,Slow,CSK,1,181
86,3,8.6,54,Kolkata,Slow,MI,0,173
96,1,9.6,29,Mumbai,Flat,CSK,0,198
51,2,5.1,36,Delhi,Slow,RCB,1,135
79,3,7.9,46,Chennai,Slow,DC,0,166
99,6,9.9,36,Delhi,Green,DC,1,168
88,1,8.8,43,Delhi,Green,KKR,1,193
77,3,7.7,51,Kolkata,Turning,CSK,1,149
79,3,7.9,40,Delhi,Slow,KKR,0,159
56,1,5.6,59,Kolkata,Slow,MI,1,169
96,4,9.6,23,Kolkata,Green,SRH,0,152
96,5,9.6,24,Delhi,Turning,CSK,1,122
45,2,4.5,32,Delhi,Flat,DC,1,135
87,3,8.7,65,Delhi,Flat,MI,0,236
96,3,9.6,39,Delhi,Turning,DC,0,152
104,4,10.4,53,Mumbai,Flat,MI,1,220
91,1,9.1,43,Bangalore,Flat,KKR,0,206
55,4,5.5,55,Bangalore,Flat,SRH,1,166
60,3,6.0,20,Kolkata,Slow,KKR,0,111
66,0,6.6,50,Delhi,Flat,DC,0,200
81,0,8.1,38,Mumbai,Green,KKR,1,189
101,4,10.1,44,Delhi,Green,DC,1,176
55,5,5.5,23,Bangalore,Flat,CSK,0,144
45,0,4.5,63,Delhi,Flat,CSK,1,204
91,0,9.1,31,Chennai,Turning,CSK,0,159
81,4,8.1,50,Mumbai,Green,DC,0,150
55,0,5.5,63,Mumbai,Slow,RCB,1,192
103,5,10.3,64,Bangalore,Green,SRH,1,199
102,5,10.2,39,Bangalore,Green,RCB,0,175
78,5,7.8,61,Mumbai,Flat,RCB,0,207
81,0,8.1,42,Mumbai,Slow,RCB,0,208
91,0,9.1,32,Mumbai,Slow,SRH,0,190
101,6,10.1,47,Delhi,Slow,KKR,0,182
93,6,9.3,20,Kolkata,Turning,RCB,1,141
56,6,5.6,49,Bangalore,Flat,RCB,1,178
95,4,9.5,52,Chennai,Turning,RCB,0,181
52,1,5.2,41,Kolkata,Slow,MI,1,161
50,5,5.0,42,Delhi,Turning,RCB,1,110
100,1,10.0,31,Bangalore,Turning,MI,1,173
101,5,10.1,57,Chennai,Flat,CSK,0,218
52,5,5.2,53,Bangalore,Flat,SRH,1,167
99,4,9.9,59,Kolkata,Turning,SRH,0,194
66,0,6.6,35,Bangalore,Slow,CSK,0,148
103,5,10.3,64,Mumbai,Turning,DC,0,206
50,1,5.0,29,Delhi,Turning,MI,1,131
108,5,10.8,28,Chennai,Turning,RCB,1,163
65,6,6.5,56,Kolkata,Slow,SRH,0,151
63,0,6.3,38,Delhi,Turning,SRH,1,149
84,3,8.4,20,Bangalore,Green,SRH,0,149
103,0,10.3,50,Kolkata,Turning,DC,1,216
68,0,6.8,36,Delhi,Flat,KKR,0,188
88,4,8.8,23,Bangalore,Turning,MI,0,137
102,6,10.2,47,Kolkata,Slow,SRH,1,189
105,2,10.5,38,Bangalore,Turning,SRH,1,198
102,6,10.2,38,Chennai,Green,RCB,0,150
62,5,6.2,57,Mumbai,Slow,CSK,1,174
100,1,10.0,64,Delhi,Turning,DC,0,218
71,2,7.1,44,Mumbai,Flat,CSK,0,200
80,6,8.0,53,Bangalore,Turning,KKR,0,154
89,3,8.9,27,Chennai,Turning,KKR,1,134
61,5,6.1,35,Chennai,Slow,CSK,1,118
77,4,7.7,21,Bangalore,Green,CSK,1,116
61,5,6.1,28,Delhi,Turning,MI,0,93
72,6,7.2,48,Mumbai,Slow,CSK,1,156
65,2,6.5,39,Delhi,Turning,KKR,0,154
53,6,5.3,26,Mumbai,Flat,MI,0,128
68,4,6.8,51,Kolkata,Flat,KKR,1,174
85,5,8.5,39,Bangalore,Turning,SRH,1,146
74,2,7.4,47,Bangalore,Turning,CSK,0,153
67,2,6.7,28,Chennai,Green,DC,1,130
50,2,5.0,59,Bangalore,Slow,SRH,1,158
109,1,10.9,64,Kolkata,Turning,KKR,0,218
64,0,6.4,35,Chennai,Green,DC,0,156
103,0,10.3,30,Mumbai,Green,CSK,0,196
100,3,10.0,53,Delhi,Turning,MI,1,210
106,4,10.6,44,Mumbai,Slow,SRH,1,180
105,1,10.5,53,Delhi,Slow,CSK,0,202
45,4,4.5,50,Delhi,Green,RCB,1,128
45,3,4.5,31,Kolkata,Green,MI,1,121
89,6,8.9,60,Bangalore,Slow,MI,1,204
99,1,9.9,32,Mumbai,Slow,KKR,0,171
77,2,7.7,33,Bangalore,Turning,DC,1,143
52,1,5.2,49,Mumbai,Green,MI,1,173
102,0,10.2,39,Mumbai,Turning,CSK,0,185
88,2,8.8,38,Delhi,Green,SRH,1,181
103,5,10.3,22,Bangalore,Flat,CSK,1,182
53,2,5.3,57,Delhi,Turning,KKR,1,150
95,6,9.5,41,Delhi,Flat,RCB,1,198
78,5,7.8,62,Delhi,Slow,DC,0,164
68,5,6.8,31,Kolkata,Flat,DC,0,140
87,2,8.7,54,Delhi,Slow,CSK,0,196
99,1,9.9,35,Kolkata,Turning,RCB,1,202
65,3,6.5,37,Chennai,Slow,KKR,0,144
86,1,8.6,23,Chennai,Green,DC,0,137
76,4,7.6,52,Chennai,Flat,MI,1,183
93,1,9.3,54,Mumbai,Green,RCB,1,217
51,2,5.1,55,Chennai,Flat,SRH,0,190
59,2,5.9,33,Mumbai,Slow,RCB,0,142
96,3,9.6,21,Mumbai,Slow,KKR,0,157
103,0,10.3,40,Delhi,Turning,SRH,1,199
92,3,9.2,64,Kolkata,Turning,RCB,1,201
88,4,8.8,56,Bangalore,Turning,CSK,1,177
75,5,7.5,60,Delhi,Green,SRH,0,160
59,2,5.9,52,Bangalore,Turning,CSK,0,159
89,1,8.9,64,Bangalore,Green,DC,1,204
52,3,5.2,62,Kolkata,Green,CSK,1,163
85,0,8.5,24,Kolkata,Green,CSK,1,171
92,3,9.2,38,Bangalore,Turning,MI,0,178
71,0,7.1,62,Mumbai,Slow,DC,1,212
78,3,7.8,32,Chennai,Green,RCB,0,139
91,5,9.1,35,Mumbai,Flat,MI,1,202
81,0,8.1,64,Mumbai,Green,KKR,0,204
47,4,4.7,36,Chennai,Green,DC,0,116
49,2,4.9,65,Mumbai,Turning,KKR,1,170
52,5,5.2,21,Bangalore,Slow,SRH,1,89
62,6,6.2,61,Mumbai,Green,RCB,1,161
46,0,4.6,55,Kolkata,Flat,CSK,0,196
83,5,8.3,34,Bangalore,Turning,KKR,0,131
72,4,7.2,63,Kolkata,Slow,DC,0,186
104,3,10.4,54,Delhi,Flat,MI,1,228
82,6,8.2,28,Chennai,Flat,MI,0,163
66,4,6.6,25,Mumbai,Flat,MI,0,139
82,4,8.2,39,Kolkata,Flat,MI,0,184
53,4,5.3,44,Delhi,Turning,RCB,0,122
59,6,5.9,56,Chennai,Flat,SRH,0,147
72,1,7.2,40,Delhi,Green,CSK,1,178
64,1,6.4,47,Delhi,Slow,CSK,1,183
53,3,5.3,25,Chennai,Green,DC,0,107
59,4,5.9,50,Bangalore,Flat,RCB,0,173
75,5,7.5,33,Mumbai,Flat,MI,1,185
78,4,7.8,43,Delhi,Flat,KKR,0,176
105,6,10.5,45,Bangalore,Flat,DC,1,206
89,6,8.9,65,Mumbai,Turning,DC,1,168
73,0,7.3,44,Mumbai,Flat,KKR,0,217
70,5,7.0,51,Kolkata,Flat,CSK,0,170
101,6,10.1,21,Mumbai,Slow,MI,0,143
96,6,9.6,49,Chennai,Flat,RCB,1,202
95,3,9.5,63,Kolkata,Green,DC,0,206
76,1,7.6,64,Delhi,Flat,CSK,1,216
85,4,8.5,20,Chennai,Slow,CSK,1,138
51,4,5.1,46,Mumbai,Green,MI,0,128
72,6,7.2,21,Delhi,Turning,SRH,1,95
81,5,8.1,54,Kolkata,Green,SRH,0,150
104,2,10.4,58,Chennai,Slow,MI,0,215
86,4,8.6,64,Mumbai,Turning,SRH,1,194
80,2,8.0,40,Chennai,Green,SRH,0,167
98,6,9.8,21,Mumbai,Turning,SRH,0,134
75,3,7.5,51,Kolkata,Green,SRH,1,156
95,4,9.5,60,Mumbai,Green,MI,0,182
78,5,7.8,35,Delhi,Turning,KKR,1,138
84,3,8.4,46,Bangalore,Slow,DC,1,195
79,0,7.9,45,Mumbai,Slow,CSK,0,171
96,1,9.6,26,Delhi,Turning,RCB,0,172
101,3,10.1,45,Chennai,Flat,RCB,1,224
83,0,8.3,52,Chennai,Flat,DC,1,214
55,2,5.5,48,Mumbai,Flat,DC,1,189
72,5,7.2,44,Chennai,Flat,KKR,1,161
58,2,5.8,44,Chennai,Green,KKR,0,129
66,3,6.6,21,Bangalore,Turning,RCB,1,127
89,2,8.9,31,Delhi,Green,KKR,1,179
74,3,7.4,48,Chennai,Turning,CSK,0,144
79,5,7.9,63,Bangalore,Turning,RCB,1,192
97,6,9.7,47,Chennai,Flat,MI,0,205
56,0,5.6,58,Delhi,Green,MI,1,190
64,1,6.4,53,Delhi,Slow,RCB,0,189
57,5,5.7,48,Mumbai,Slow,SRH,0,137
92,5,9.2,23,Kolkata,Turning,DC,1,115
69,2,6.9,21,Kolkata,Flat,KKR,1,147
59,0,5.9,32,Delhi,Turning,CSK,0,129
77,4,7.7,37,Mumbai,Slow,KKR,0,137
98,1,9.8,51,Kolkata,Turning,DC,1,209
60,2,6.0,31,Kolkata,Turning,RCB,1,141
94,3,9.4,56,Bangalore,Turning,MI,0,202
105,6,10.5,64,Bangalore,Slow,MI,1,207
66,4,6.6,20,Chennai,Flat,KKR,0,142
102,1,10.2,37,Bangalore,Slow,SRH,1,204
85,4,8.5,31,Mumbai,Turning,DC,0,149
97,5,9.7,33,Kolkata,Green,MI,1,152
110,4,11.0,51,Chennai,Flat,CSK,0,218
46,3,4.6,55,Chennai,Green,DC,1,145
88,3,8.8,45,Chennai,Green,CSK,1,182
83,4,8.3,38,Chennai,Turning,MI,0,140
89,6,8.9,29,Kolkata,Green,DC,0,128
66,5,6.6,54,Delhi,Turning,KKR,1,152
60,5,6.0,33,Chennai,Green,KKR,1,114
80,5,8.0,49,Delhi,Flat,CSK,1,190
61,5,6.1,24,Kolkata,Slow,CSK,1,98
45,3,4.5,56,Chennai,Flat,KKR,0,156
83,3,8.3,36,Bangalore,Slow,DC,0,176
58,4,5.8,52,Mumbai,Flat,SRH,1,173
83,1,8.3,39,Delhi,Green,DC,1,179
68,1,6.8,51,Delhi,Turning,SRH,1,165
45,0,4.5,50,Kolkata,Flat,DC,0,173
76,1,7.6,41,Chennai,Green,CSK,0,162
65,6,6.5,30,Delhi,Slow,SRH,0,115
97,5,9.7,45,Delhi,Flat,MI,1,202
71,4,7.1,33,Kolkata,Turning,KKR,0,125
84,3,8.4,62,Kolkata,Green,CSK,0,196
46,1,4.6,63,Delhi,Flat,DC,0,190
50,6,5.0,35,Delhi,Flat,SRH,1,146
100,6,10.0,57,Mumbai,Green,CSK,1,196
49,4,4.9,52,Mumbai,Turning,SRH,1,137
64,5,6.4,64,Delhi,Slow,DC,1,168
101,6,10.1,46,Mumbai,Slow,RCB,0,194
105,6,10.5,38,Bangalore,Turning,KKR,1,165
62,3,6.2,50,Delhi,Turning,DC,1,135
110,1,11.0,52,Chennai,Slow,SRH,1,216
106,4,10.6,42,Chennai,Flat,MI,1,208
61,6,6.1,29,Chennai,Green,KKR,0,99
73,0,7.3,33,Mumbai,Slow,DC,1,163
66,2,6.6,48,Mumbai,Green,CSK,0,158
78,6,7.8,22,Delhi,Green,RCB,0,119
110,2,11.0,29,Mumbai,Turning,KKR,1,189
106,2,10.6,27,Mumbai,Turning,DC,0,166
48,0,4.8,42,Mumbai,Slow,DC,1,158
71,1,7.1,28,Delhi,Slow,MI,0,144
61,1,6.1,54,Bangalore,Slow,MI,0,179
62,6,6.2,34,Delhi,Green,MI,1,129
71,0,7.1,22,Mumbai,Green,DC,1,157
51,0,5.1,54,Kolkata,Turning,MI,0,153
49,1,4.9,48,Chennai,Turning,MI,0,134
70,5,7.0,27,Kolkata,Green,SRH,1,113
96,5,9.6,25,Mumbai,Turning,DC,1,153
46,2,4.6,49,Mumbai,Slow,CSK,1,159
59,3,5.9,46,Kolkata,Slow,SRH,0,156
94,2,9.4,43,Bangalore,Turning,RCB,0,176
92,3,9.2,62,Kolkata,Green,KKR,0,194
82,0,8.2,40,Mumbai,Green,DC,1,172
99,4,9.9,53,Bangalore,Green,RCB,0,200
72,5,7.2,56,Chennai,Green,SRH,1,158
104,5,10.4,63,Kolkata,Green,DC,0,181
92,0,9.2,35,Mumbai,Flat,SRH,1,222
98,2,9.8,43,Chennai,Flat,MI,1,203
95,3,9.5,47,Kolkata,Slow,DC,0,178
103,1,10.3,39,Delhi,Slow,KKR,0,208
83,6,8.3,56,Kolkata,Slow,MI,0,171
90,5,9.0,59,Chennai,Flat,MI,1,203
84,1,8.4,50,Delhi,Green,MI,0,183
90,4,9.0,45,Mumbai,Slow,RCB,0,185
98,1,9.8,58,Kolkata,Turning,SRH,1,218
81,0,8.1,32,Kolkata,Turning,RCB,1,169
91,3,9.1,62,Bangalore,Green,CSK,1,190
110,3,11.0,33,Chennai,Flat,MI,0,191
63,5,6.3,49,Mumbai,Slow,DC,1,140
66,2,6.6,44,Delhi,Green,DC,0,140
71,2,7.1,52,Delhi,Turning,SRH,0,164
53,3,5.3,62,Delhi,Flat,CSK,0,172
46,2,4.6,55,Kolkata,Slow,KKR,0,160
101,1,10.1,29,Delhi,Turning,RCB,1,192
70,5,7.0,50,Kolkata,Turning,SRH,1,147
80,0,8.0,50,Delhi,Flat,SRH,0,217
70,3,7.0,26,Delhi,Turning,DC,1,130
58,0,5.8,38,Bangalore,Slow,MI,1,165
100,4,10.0,39,Bangalore,Slow,MI,0,184
101,6,10.1,55,Chennai,Turning,MI,0,179
87,3,8.7,47,Bangalore,Flat,SRH,0,202
83,5,8.3,48,Delhi,Flat,SRH,0,182
80,1,8.0,36,Bangalore,Flat,SRH,1,200
85,4,8.5,33,Kolkata,Flat,KKR,0,184
86,0,8.6,29,Mumbai,Flat,SRH,1,192
95,6,9.5,58,Mumbai,Turning,MI,1,191
74,2,7.4,36,Kolkata,Slow,SRH,1,146
59,1,5.9,26,Bangalore,Slow,CSK,0,138
102,0,10.2,20,Kolkata,Flat,MI,1,219
84,3,8.4,59,Bangalore,Slow,KKR,0,209
83,4,8.3,23,Mumbai,Slow,KKR,1,143
80,3,8.0,47,Kolkata,Flat,DC,0,189
55,1,5.5,31,Chennai,Turning,CSK,0,129
96,5,9.6,40,Bangalore,Slow,DC,0,172
50,0,5.0,39,Chennai,Turning,SRH,0,121
72,2,7.2,28,Kolkata,Slow,DC,1,129
57,6,5.7,34,Kolkata,Turning,RCB,0,118
48,1,4.8,57,Bangalore,Slow,MI,0,159
48,0,4.8,31,Bangalore,Turning,KKR,0,146
56,2,5.6,55,Chennai,Slow,DC,0,160
82,4,8.2,56,Kolkata,Flat,MI,1,215
92,0,9.2,42,Bangalore,Flat,SRH,0,226
73,6,7.3,56,Delhi,Slow,CSK,1,170
108,0,10.8,50,Chennai,Flat,DC,1,247
63,4,6.3,33,Mumbai,Turning,CSK,1,138
57,4,5.7,47,Chennai,Green,SRH,0,119
62,0,6.2,32,Bangalore,Turning,MI,0,135
78,0,7.8,62,Chennai,Green,KKR,0,212
105,3,10.5,43,Kolkata,Turning,KKR,0,187
102,2,10.2,54,Chennai,Slow,KKR,0,191
68,3,6.8,28,Chennai,Green,CSK,1,131
92,0,9.2,47,Bangalore,Slow,DC,0,192
59,0,5.9,55,Delhi,Flat,DC,0,202
55,0,5.5,62,Mumbai,Green,DC,0,168
52,1,5.2,40,Bangalore,Slow,SRH,0,132
99,6,9.9,29,Mumbai,Flat,RCB,1,192
100,4,10.0,62,Kolkata,Flat,CSK,1,235
58,4,5.8,45,Kolkata,Flat,RCB,1,161
89,1,8.9,25,Chennai,Green,CSK,0,162
99,0,9.9,53,Chennai,Slow,RCB,0,234
46,2,4.6,36,Delhi,Flat,SRH,0,156
108,0,10.8,36,Chennai,Green,RCB,1,209
86,2,8.6,37,Kolkata,Turning,CSK,1,146
87,6,8.7,52,Chennai,Slow,MI,1,163
88,3,8.8,47,Kolkata,Green,DC,1,177
50,3,5.0,36,Mumbai,Turning,CSK,1,110
47,2,4.7,59,Bangalore,Slow,DC,1,180
100,1,10.0,40,Mumbai,Turning,KKR,1,200
94,4,9.4,25,Kolkata,Turning,MI,0,129
95,6,9.5,38,Delhi,Green,SRH,1,139
105,2,10.5,63,Delhi,Turning,SRH,0,197
94,1,9.4,58,Delhi,Slow,CSK,0,217
94,3,9.4,28,Kolkata,Slow,KKR,0,168
69,2,6.9,58,Kolkata,Green,RCB,1,199
97,3,9.7,61,Chennai,Flat,KKR,1,230
65,6,6.5,51,Delhi,Turning,CSK,0,117
91,6,9.1,51,Mumbai,Green,CSK,0,159
63,2,6.3,31,Mumbai,Turning,MI,1,150
94,6,9.4,22,Chennai,Turning,DC,1,126
94,0,9.4,48,Mumbai,Flat,RCB,0,234
64,0,6.4,60,Bangalore,Green,RCB,0,206
56,1,5.6,27,Kolkata,Turning,RCB,1,119
87,4,8.7,59,Mumbai,Turning,DC,0,168
64,1,6.4,65,Chennai,Flat,SRH,0,220
63,4,6.3,37,Bangalore,Green,DC,0,141
80,5,8.0,61,Chennai,Turning,CSK,1,167
73,2,7.3,64,Mumbai,Slow,KKR,0,202
83,0,8.3,29,Chennai,Flat,KKR,0,182
56,1,5.6,51,Kolkata,Flat,SRH,0,188
46,0,4.6,63,Kolkata,Slow,MI,1,172
97,2,9.7,49,Kolkata,Slow,MI,1,198
109,3,10.9,48,Bangalore,Turning,MI,1,194
83,4,8.3,53,Kolkata,Green,MI,1,188
64,2,6.4,39,Bangalore,Green,MI,1,149
86,0,8.6,24,Delhi,Green,SRH,0,150
50,1,5.0,36,Bangalore,Turning,MI,0,137
105,1,10.5,20,Bangalore,Slow,KKR,1,181
93,3,9.3,65,Chennai,Green,SRH,1,193
86,5,8.6,64,Kolkata,Slow,CSK,0,169
105,2,10.5,33,Chennai,Green,DC,1,178
91,4,9.1,32,Chennai,Turning,DC,0,136
61,0,6.1,62,Chennai,Slow,RCB,0,186
78,1,7.8,20,Chennai,Flat,KKR,0,160
81,2,8.1,29,Kolkata,Slow,RCB,1,172
104,2,10.4,37,Mumbai,Green,CSK,1,176
60,5,6.0,43,Mumbai,Green,MI,1,148
102,1,10.2,59,Delhi,Slow,CSK,0,203
50,5,5.0,33,Bangalore,Green,RCB,1,127
108,2,10.8,65,Kolkata,Turning,SRH,1,222
53,5,5.3,53,Kolkata,Flat,KKR,1,155
61,0,6.1,43,Kolkata,Green,KKR,1,155
103,3,10.3,34,Kolkata,Green,KKR,1,179
50,1,5.0,33,Chennai,Green,MI,0,120
86,2,8.6,55,Chennai,Slow,CSK,1,191
71,5,7.1,27,Bangalore,Green,KKR,1,123
103,3,10.3,51,Bangalore,Flat,KKR,0,221
96,3,9.6,46,Bangalore,Slow,CSK,0,194
102,3,10.2,65,Mumbai,Green,SRH,0,197
68,6,6.8,63,Kolkata,Green,CSK,0,165
109,3,10.9,54,Mumbai,Slow,SRH,1,221
101,1,10.1,47,Bangalore,Green,SRH,0,190
46,2,4.6,43,Kolkata,Slow,SRH,0,138
49,3,4.9,45,Delhi,Flat,RCB,1,166
57,1,5.7,32,Bangalore,Turning,MI,1,144
80,4,8.0,55,Chennai,Flat,SRH,1,209
100,2,10.0,26,Mumbai,Turning,MI,0,149
94,5,9.4,35,Delhi,Flat,KKR,0,176
73,6,7.3,44,Bangalore,Flat,CSK,1,182
88,4,8.8,42,Bangalore,Turning,SRH,1,152
54,4,5.4,35,Delhi,Green,CSK,0,124
97,1,9.7,64,Delhi,Turning,SRH,1,202
107,3,10.7,49,Delhi,Slow,KKR,1,202
71,2,7.1,55,Delhi,Flat,MI,1,198
107,2,10.7,58,Chennai,Turning,MI,0,222
83,1,8.3,47,Delhi,Green,MI,0,187
46,5,4.6,51,Delhi,Flat,RCB,0,148
57,0,5.7,25,Mumbai,Flat,RCB,1,178
45,2,4.5,38,Mumbai,Green,KKR,1,133
65,6,6.5,24,Bangalore,Flat,CSK,0,147
95,0,9.5,44,Bangalore,Slow,DC,0,195
56,2,5.6,50,Mumbai,Flat,KKR,1,194
93,3,9.3,62,Mumbai,Slow,KKR,0,192
95,0,9.5,22,Mumbai,Green,KKR,0,167
84,1,8.4,63,Mumbai,Flat,RCB,1,250
101,1,10.1,37,Bangalore,Slow,CSK,1,194
101,4,10.1,32,Mumbai,Slow,KKR,0,157
59,5,5.9,41,Bangalore,Flat,KKR,1,156
68,5,6.8,46,Chennai,Slow,SRH,1,140
110,4,11.0,64,Kolkata,Slow,CSK,0,227
88,5,8.8,58,Delhi,Green,RCB,1,203
106,6,10.6,57,Bangalore,Green,DC,0,200
97,2,9.7,37,Delhi,Flat,MI,1,204
64,3,6.4,45,Delhi,Slow,RCB,1,174
78,5,7.8,41,Kolkata,Slow,DC,1,146
78,6,7.8,57,Bangalore,Slow,DC,0,161
90,6,9.0,60,Mumbai,Turning,KKR,1,190
85,5,8.5,22,Mumbai,Turning,CSK,1,118
101,3,10.1,30,Kolkata,Flat,SRH,1,200
95,2,9.5,34,Kolkata,Turning,RCB,0,163
101,6,10.1,42,Bangalore,Flat,KKR,0,194
74,4,7.4,33,Mumbai,Turning,KKR,0,123
60,1,6.0,46,Kolkata,Slow,RCB,0,175
80,6,8.0,21,Delhi,Green,KKR,0,100
80,0,8.0,42,Chennai,Slow,MI,0,191
77,6,7.7,21,Bangalore,Flat,CSK,0,141
91,4,9.1,34,Kolkata,Slow,DC,1,150
70,2,7.0,45,Delhi,Turning,DC,1,148
95,6,9.5,47,Chennai,Green,MI,0,174
107,1,10.7,56,Kolkata,Slow,RCB,0,223
63,6,6.3,23,Kolkata,Turning,CSK,0,104
56,0,5.6,31,Delhi,Slow,CSK,1,156
59,5,5.9,58,Bangalore,Flat,KKR,1,188
78,4,7.8,49,Delhi,Slow,MI,0,160
47,3,4.7,25,Bangalore,Turning,MI,1,110
92,2,9.2,65,Delhi,Green,RCB,0,230
89,5,8.9,61,Mumbai,Slow,CSK,0,195
104,0,10.4,45,Kolkata,Slow,RCB,1,230
105,0,10.5,50,Chennai,Flat,MI,0,233
96,0,9.6,33,Kolkata,Flat,MI,0,213
104,2,10.4,43,Kolkata,Turning,DC,0,188
71,1,7.1,51,Delhi,Slow,CSK,1,195
109,6,10.9,20,Delhi,Flat,CSK,1,186
91,0,9.1,21,Delhi,Turning,CSK,1,144
103,4,10.3,33,Kolkata,Turning,KKR,1,165
70,6,7.0,20,Mumbai,Turning,SRH,1,100
72,3,7.2,41,Bangalore,Flat,RCB,1,201
61,3,6.1,31,Kolkata,Flat,SRH,0,141
60,6,6.0,48,Kolkata,Green,DC,1,139
77,1,7.7,25,Delhi,Slow,DC,1,160
109,6,10.9,37,Bangalore,Turning,CSK,1,174
72,0,7.2,32,Mumbai,Flat,KKR,1,192
45,6,4.5,65,Bangalore,Green,KKR,0,130
91,1,9.1,33,Chennai,Green,SRH,1,164
70,1,7.0,21,Kolkata,Green,MI,1,152
96,2,9.6,36,Chennai,Green,CSK,1,176
60,6,6.0,42,Bangalore,Flat,MI,1,155
65,0,6.5,27,Mumbai,Turning,MI,0,145
86,0,8.6,21,Bangalore,Green,MI,0,169
62,5,6.2,22,Delhi,Green,CSK,1,107
60,6,6.0,64,Chennai,Green,CSK,1,142
81,5,8.1,48,Mumbai,Turning,KKR,1,163
102,1,10.2,57,Kolkata,Green,RCB,1,229
86,1,8.6,53,Chennai,Turning,CSK,0,180
63,6,6.3,63,Mumbai,Green,KKR,1,171
61,4,6.1,42,Chennai,Turning,MI,1,129
104,5,10.4,46,Kolkata,Flat,RCB,1,221
50,1,5.0,23,Kolkata,Flat,SRH,1,154
87,6,8.7,39,Bangalore,Slow,KKR,0,161
88,0,8.8,65,Bangalore,Turning,SRH,0,224
86,5,8.6,21,Kolkata,Green,DC,1,120
97,5,9.7,38,Chennai,Green,RCB,0,162
97,4,9.7,43,Bangalore,Turning,SRH,0,163
87,4,8.7,52,Chennai,Flat,SRH,0,201
64,3,6.4,48,Bangalore,Turning,KKR,1,161
108,3,10.8,37,Bangalore,Green,RCB,1,211
60,1,6.0,33,Kolkata,Slow,MI,1,159
76,3,7.6,58,Delhi,Flat,CSK,1,194
81,6,8.1,41,Bangalore,Turning,SRH,1,144
98,3,9.8,36,Chennai,Slow,KKR,0,162
88,6,8.8,46,Delhi,Flat,MI,1,188
73,2,7.3,21,Mumbai,Slow,KKR,1,137
47,3,4.7,39,Chennai,Green,MI,1,115
106,3,10.6,43,Mumbai,Flat,RCB,1,246
59,5,5.9,60,Mumbai,Turning,CSK,1,164
51,0,5.1,41,Bangalore,Turning,RCB,0,164
82,2,8.2,42,Kolkata,Turning,RCB,1,183
68,0,6.8,47,Kolkata,Green,MI,1,188
106,5,10.6,46,Delhi,Flat,SRH,1,218
45,2,4.5,57,Chennai,Flat,SRH,1,185
51,2,5.1,32,Chennai,Slow,CSK,1,141
87,5,8.7,50,Kolkata,Turning,MI,0,166
103,4,10.3,34,Mumbai,Slow,SRH,1,187
50,6,5.0,59,Mumbai,Flat,DC,1,153
109,4,10.9,42,Chennai,Flat,CSK,1,207
70,4,7.0,25,Chennai,Flat,RCB,0,145
50,1,5.0,45,Bangalore,Flat,CSK,0,184
75,5,7.5,33,Kolkata,Slow,MI,1,145
50,1,5.0,20,Mumbai,Slow,SRH,0,130
53,4,5.3,54,Kolkata,Green,SRH,1,135
102,4,10.2,26,Delhi,Slow,KKR,1,157
79,6,7.9,28,Chennai,Green,RCB,0,116
82,1,8.2,45,Delhi,Turning,KKR,1,166
97,2,9.7,37,Chennai,Turning,KKR,0,176
66,6,6.6,51,Kolkata,Slow,KKR,0,142
86,4,8.6,25,Kolkata,Slow,KKR,1,139
66,2,6.6,44,Kolkata,Slow,DC,0,148
77,3,7.7,59,Mumbai,Turning,MI,0,188
86,2,8.6,47,Delhi,Turning,DC,0,160
80,0,8.0,29,Delhi,Flat,SRH,1,184
94,3,9.4,46,Kolkata,Flat,CSK,0,216
62,4,6.2,29,Mumbai,Green,RCB,1,135
107,1,10.7,31,Chennai,Green,KKR,0,173
107,5,10.7,55,Bangalore,Flat,KKR,0,218
110,3,11.0,51,Bangalore,Turning,KKR,0,187
